name,school,profile,model,rate
Juan Hernandez,connecticut_college,B,gpt,1.0
Juan Hernandez,connecticut_college,A,gpt,1.0
Juan Hernandez,connecticut_college,C,gpt,1.0
Juan Hernandez,connecticut_college,CD,gpt,1.0
Juan Hernandez,connecticut_college,D,gpt,1.0
Juan Hernandez,connecticut_college,E,gpt,0.48
Juan Hernandez,connecticut_college,F,gpt,0.04
Juan Hernandez,connecticut_college,G,gpt,0.0
Juan Hernandez,tufts,A,gpt,1.0
Juan Hernandez,tufts,B,gpt,1.0
Juan Hernandez,tufts,C,gpt,0.72
Juan Hernandez,tufts,CD,gpt,0.12
Juan Hernandez,tufts,D,gpt,0.04
Juan Hernandez,tufts,E,gpt,0.0
Juan Hernandez,tufts,F,gpt,0.0
Juan Hernandez,tufts,G,gpt,0.0
Juan Hernandez,mit,A,gpt,0.2
Juan Hernandez,mit,B,gpt,0.0
Juan Hernandez,mit,C,gpt,0.0
Juan Hernandez,mit,CD,gpt,0.0
Juan Hernandez,mit,D,gpt,0.0
Juan Hernandez,mit,E,gpt,0.0
Juan Hernandez,mit,F,gpt,0.0
Juan Hernandez,mit,G,gpt,0.0
Omar Rahman,connecticut_college,A,gpt,1.0
Omar Rahman,connecticut_college,B,gpt,1.0
Omar Rahman,connecticut_college,C,gpt,1.0
Omar Rahman,connecticut_college,CD,gpt,1.0
Omar Rahman,connecticut_college,D,gpt,1.0
Omar Rahman,connecticut_college,E,gpt,0.04
Omar Rahman,connecticut_college,F,gpt,0.0
Omar Rahman,connecticut_college,G,gpt,0.0
Omar Rahman,tufts,A,gpt,0.96
Omar Rahman,tufts,B,gpt,0.92
Omar Rahman,tufts,C,gpt,0.52
Omar Rahman,tufts,CD,gpt,0.0
Omar Rahman,tufts,D,gpt,0.0
Omar Rahman,tufts,E,gpt,0.0
Omar Rahman,tufts,F,gpt,0.0
Omar Rahman,tufts,G,gpt,0.0
Omar Rahman,mit,A,gpt,0.16
Omar Rahman,mit,B,gpt,0.0
Omar Rahman,mit,C,gpt,0.0
Omar Rahman,mit,CD,gpt,0.0
Omar Rahman,mit,D,gpt,0.0
Omar Rahman,mit,E,gpt,0.0
Omar Rahman,mit,F,gpt,0.0
Omar Rahman,mit,G,gpt,0.0
Arjun Gupta,connecticut_college,A,gpt,1.0
Arjun Gupta,connecticut_college,B,gpt,1.0
Arjun Gupta,connecticut_college,C,gpt,1.0
Arjun Gupta,connecticut_college,CD,gpt,1.0
Arjun Gupta,connecticut_college,D,gpt,0.96
Arjun Gupta,connecticut_college,E,gpt,0.12
Arjun Gupta,connecticut_college,F,gpt,0.0
Arjun Gupta,connecticut_college,G,gpt,0.0
Arjun Gupta,tufts,A,gpt,1.0
Arjun Gupta,tufts,B,gpt,0.96
Arjun Gupta,tufts,C,gpt,0.52
Arjun Gupta,tufts,CD,gpt,0.0
Arjun Gupta,tufts,D,gpt,0.0
Arjun Gupta,tufts,E,gpt,0.0
Arjun Gupta,tufts,F,gpt,0.0
Arjun Gupta,tufts,G,gpt,0.0
Arjun Gupta,mit,A,gpt,0.0
Arjun Gupta,mit,B,gpt,0.0
Arjun Gupta,mit,C,gpt,0.0
Arjun Gupta,mit,CD,gpt,0.0
Arjun Gupta,mit,D,gpt,0.0
Arjun Gupta,mit,E,gpt,0.0
Arjun Gupta,mit,F,gpt,0.0
Arjun Gupta,mit,G,gpt,0.0
William Newburry,connecticut_college,A,gpt,1.0
William Newburry,connecticut_college,B,gpt,1.0
William Newburry,connecticut_college,C,gpt,1.0
William Newburry,connecticut_college,CD,gpt,1.0
William Newburry,connecticut_college,D,gpt,1.0
William Newburry,connecticut_college,E,gpt,0.2
William Newburry,connecticut_college,F,gpt,0.0
William Newburry,connecticut_college,G,gpt,0.0
William Newburry,tufts,A,gpt,1.0
William Newburry,tufts,B,gpt,0.96
William Newburry,tufts,C,gpt,0.32
William Newburry,tufts,CD,gpt,0.0
William Newburry,tufts,D,gpt,0.0
William Newburry,tufts,E,gpt,0.0
William Newburry,tufts,F,gpt,0.0
William Newburry,tufts,G,gpt,0.0
William Newburry,mit,A,gpt,0.16
William Newburry,mit,B,gpt,0.0
William Newburry,mit,C,gpt,0.0
William Newburry,mit,CD,gpt,0.0
William Newburry,mit,D,gpt,0.0
William Newburry,mit,E,gpt,0.0
William Newburry,mit,F,gpt,0.0
William Newburry,mit,G,gpt,0.0
Chinedu Khumalo,connecticut_college,A,gpt,1.0
Chinedu Khumalo,connecticut_college,B,gpt,1.0
Chinedu Khumalo,connecticut_college,C,gpt,1.0
Chinedu Khumalo,connecticut_college,CD,gpt,1.0
Chinedu Khumalo,connecticut_college,D,gpt,0.96
Chinedu Khumalo,connecticut_college,E,gpt,0.2
Chinedu Khumalo,connecticut_college,F,gpt,0.0
Chinedu Khumalo,connecticut_college,G,gpt,0.0
Chinedu Khumalo,tufts,A,gpt,1.0
Chinedu Khumalo,tufts,B,gpt,0.92
Chinedu Khumalo,tufts,C,gpt,0.76
Chinedu Khumalo,tufts,CD,gpt,0.0
Chinedu Khumalo,tufts,D,gpt,0.04
Chinedu Khumalo,tufts,E,gpt,0.0
Chinedu Khumalo,tufts,F,gpt,0.0
Chinedu Khumalo,tufts,G,gpt,0.0
Chinedu Khumalo,mit,A,gpt,0.16
Chinedu Khumalo,mit,B,gpt,0.0
Chinedu Khumalo,mit,C,gpt,0.0
Chinedu Khumalo,mit,CD,gpt,0.0
Chinedu Khumalo,mit,D,gpt,0.0
Chinedu Khumalo,mit,E,gpt,0.0
Chinedu Khumalo,mit,F,gpt,0.0
Chinedu Khumalo,mit,G,gpt,0.0
Darnell Washington,connecticut_college,A,gpt,1.0
Darnell Washington,connecticut_college,B,gpt,1.0
Darnell Washington,connecticut_college,C,gpt,1.0
Darnell Washington,connecticut_college,CD,gpt,1.0
Darnell Washington,connecticut_college,D,gpt,1.0
Darnell Washington,connecticut_college,E,gpt,0.92
Darnell Washington,connecticut_college,F,gpt,0.0
Darnell Washington,connecticut_college,G,gpt,0.0
Darnell Washington,tufts,A,gpt,1.0
Darnell Washington,tufts,B,gpt,1.0
Darnell Washington,tufts,C,gpt,1.0
Darnell Washington,tufts,CD,gpt,0.2
Darnell Washington,tufts,D,gpt,0.04
Darnell Washington,tufts,E,gpt,0.0
Darnell Washington,tufts,F,gpt,0.0
Darnell Washington,tufts,G,gpt,0.0
Darnell Washington,mit,A,gpt,0.0
Darnell Washington,mit,B,gpt,0.04
Darnell Washington,mit,C,gpt,0.0
Darnell Washington,mit,CD,gpt,0.0
Darnell Washington,mit,D,gpt,0.0
Darnell Washington,mit,E,gpt,0.0
Darnell Washington,mit,F,gpt,0.0
Darnell Washington,mit,G,gpt,0.0
Noam Biton,connecticut_college,A,gpt,1.0
Noam Biton,connecticut_college,B,gpt,1.0
Noam Biton,connecticut_college,C,gpt,1.0
Noam Biton,connecticut_college,CD,gpt,1.0
Noam Biton,connecticut_college,D,gpt,1.0
Noam Biton,connecticut_college,E,gpt,0.52
Noam Biton,connecticut_college,F,gpt,0.04
Noam Biton,connecticut_college,G,gpt,0.0
Noam Biton,tufts,A,gpt,1.0
Noam Biton,tufts,B,gpt,0.8
Noam Biton,tufts,C,gpt,0.4
Noam Biton,tufts,CD,gpt,0.0
Noam Biton,tufts,D,gpt,0.0
Noam Biton,tufts,E,gpt,0.0
Noam Biton,tufts,F,gpt,0.0
Noam Biton,tufts,G,gpt,0.0
Noam Biton,mit,A,gpt,0.08
Noam Biton,mit,B,gpt,0.0
Noam Biton,mit,C,gpt,0.0
Noam Biton,mit,CD,gpt,0.0
Noam Biton,mit,D,gpt,0.0
Noam Biton,mit,E,gpt,0.0
Noam Biton,mit,F,gpt,0.0
Noam Biton,mit,G,gpt,0.0
Wei Li,connecticut_college,A,gpt,1.0
Wei Li,connecticut_college,B,gpt,1.0
Wei Li,connecticut_college,C,gpt,1.0
Wei Li,connecticut_college,CD,gpt,1.0
Wei Li,connecticut_college,D,gpt,1.0
Wei Li,connecticut_college,E,gpt,0.08
Wei Li,connecticut_college,F,gpt,0.0
Wei Li,connecticut_college,G,gpt,0.0
Wei Li,tufts,A,gpt,0.96
Wei Li,tufts,B,gpt,0.8
Wei Li,tufts,C,gpt,0.48
Wei Li,tufts,CD,gpt,0.0
Wei Li,tufts,D,gpt,0.0
Wei Li,tufts,E,gpt,0.0
Wei Li,tufts,F,gpt,0.0
Wei Li,tufts,G,gpt,0.0
Wei Li,mit,A,gpt,0.0
Wei Li,mit,B,gpt,0.0
Wei Li,mit,C,gpt,0.0
Wei Li,mit,CD,gpt,0.0
Wei Li,mit,D,gpt,0.0
Wei Li,mit,E,gpt,0.0
Wei Li,mit,F,gpt,0.0
Wei Li,mit,G,gpt,0.0
Juan Rodriguez,connecticut_college,A,gpt,1.0
Juan Rodriguez,connecticut_college,B,gpt,1.0
Juan Rodriguez,connecticut_college,C,gpt,1.0
Juan Rodriguez,connecticut_college,CD,gpt,1.0
Juan Rodriguez,connecticut_college,D,gpt,1.0
Juan Rodriguez,connecticut_college,E,gpt,0.48
Juan Rodriguez,connecticut_college,F,gpt,0.04
Juan Rodriguez,connecticut_college,G,gpt,0.0
Juan Rodriguez,tufts,A,gpt,1.0
Juan Rodriguez,tufts,B,gpt,1.0
Juan Rodriguez,tufts,C,gpt,0.32
Juan Rodriguez,tufts,CD,gpt,0.24
Juan Rodriguez,tufts,D,gpt,0.0
Juan Rodriguez,tufts,E,gpt,0.0
Juan Rodriguez,tufts,F,gpt,0.0
Juan Rodriguez,tufts,G,gpt,0.0
Juan Rodriguez,mit,A,gpt,0.0
Juan Rodriguez,mit,B,gpt,0.0
Juan Rodriguez,mit,C,gpt,0.0
Juan Rodriguez,mit,CD,gpt,0.0
Juan Rodriguez,mit,D,gpt,0.0
Juan Rodriguez,mit,E,gpt,0.0
Juan Rodriguez,mit,F,gpt,0.0
Juan Rodriguez,mit,G,gpt,0.0
Muhammad Hussein,connecticut_college,A,gpt,1.0
Muhammad Hussein,connecticut_college,B,gpt,1.0
Muhammad Hussein,connecticut_college,C,gpt,1.0
Muhammad Hussein,connecticut_college,CD,gpt,1.0
Muhammad Hussein,connecticut_college,D,gpt,1.0
Muhammad Hussein,connecticut_college,E,gpt,0.52
Muhammad Hussein,connecticut_college,F,gpt,0.0
Muhammad Hussein,connecticut_college,G,gpt,0.0
Muhammad Hussein,tufts,A,gpt,1.0
Muhammad Hussein,tufts,B,gpt,0.8
Muhammad Hussein,tufts,C,gpt,0.8
Muhammad Hussein,tufts,CD,gpt,0.0
Muhammad Hussein,tufts,D,gpt,0.0
Muhammad Hussein,tufts,E,gpt,0.0
Muhammad Hussein,tufts,F,gpt,0.0
Muhammad Hussein,tufts,G,gpt,0.0
Muhammad Hussein,mit,A,gpt,0.12
Muhammad Hussein,mit,B,gpt,0.0
Muhammad Hussein,mit,C,gpt,0.0
Muhammad Hussein,mit,CD,gpt,0.0
Muhammad Hussein,mit,D,gpt,0.0
Muhammad Hussein,mit,E,gpt,0.0
Muhammad Hussein,mit,F,gpt,0.0
Muhammad Hussein,mit,G,gpt,0.0
Aarav Sharma,connecticut_college,A,gpt,1.0
Aarav Sharma,connecticut_college,B,gpt,1.0
Aarav Sharma,connecticut_college,C,gpt,1.0
Aarav Sharma,connecticut_college,CD,gpt,1.0
Aarav Sharma,connecticut_college,D,gpt,0.92
Aarav Sharma,connecticut_college,E,gpt,0.36
Aarav Sharma,connecticut_college,F,gpt,0.0
Aarav Sharma,connecticut_college,G,gpt,0.0
Aarav Sharma,tufts,A,gpt,0.96
Aarav Sharma,tufts,B,gpt,0.76
Aarav Sharma,tufts,C,gpt,0.4
Aarav Sharma,tufts,CD,gpt,0.0
Aarav Sharma,tufts,D,gpt,0.0
Aarav Sharma,tufts,E,gpt,0.0
Aarav Sharma,tufts,F,gpt,0.0
Aarav Sharma,tufts,G,gpt,0.0
Aarav Sharma,mit,A,gpt,0.0
Aarav Sharma,mit,B,gpt,0.0
Aarav Sharma,mit,C,gpt,0.0
Aarav Sharma,mit,CD,gpt,0.0
Aarav Sharma,mit,D,gpt,0.0
Aarav Sharma,mit,E,gpt,0.0
Aarav Sharma,mit,F,gpt,0.0
Aarav Sharma,mit,G,gpt,0.0
Phillip Johnson,connecticut_college,A,gpt,1.0
Phillip Johnson,connecticut_college,B,gpt,1.0
Phillip Johnson,connecticut_college,C,gpt,1.0
Phillip Johnson,connecticut_college,CD,gpt,1.0
Phillip Johnson,connecticut_college,D,gpt,1.0
Phillip Johnson,connecticut_college,E,gpt,0.32
Phillip Johnson,connecticut_college,F,gpt,0.0
Phillip Johnson,connecticut_college,G,gpt,0.0
Phillip Johnson,tufts,A,gpt,1.0
Phillip Johnson,tufts,B,gpt,1.0
Phillip Johnson,tufts,C,gpt,0.52
Phillip Johnson,tufts,CD,gpt,0.24
Phillip Johnson,tufts,D,gpt,0.0
Phillip Johnson,tufts,E,gpt,0.0
Phillip Johnson,tufts,F,gpt,0.0
Phillip Johnson,tufts,G,gpt,0.0
Phillip Johnson,mit,A,gpt,0.04
Phillip Johnson,mit,B,gpt,0.0
Phillip Johnson,mit,C,gpt,0.0
Phillip Johnson,mit,CD,gpt,0.0
Phillip Johnson,mit,D,gpt,0.0
Phillip Johnson,mit,E,gpt,0.0
Phillip Johnson,mit,F,gpt,0.0
Phillip Johnson,mit,G,gpt,0.0
Ayo Khumalo,connecticut_college,A,gpt,1.0
Ayo Khumalo,connecticut_college,B,gpt,1.0
Ayo Khumalo,connecticut_college,C,gpt,1.0
Ayo Khumalo,connecticut_college,CD,gpt,1.0
Ayo Khumalo,connecticut_college,D,gpt,1.0
Ayo Khumalo,connecticut_college,E,gpt,0.64
Ayo Khumalo,connecticut_college,F,gpt,0.0
Ayo Khumalo,connecticut_college,G,gpt,0.0
Ayo Khumalo,tufts,A,gpt,1.0
Ayo Khumalo,tufts,B,gpt,0.84
Ayo Khumalo,tufts,C,gpt,0.52
Ayo Khumalo,tufts,CD,gpt,0.0
Ayo Khumalo,tufts,D,gpt,0.0
Ayo Khumalo,tufts,E,gpt,0.0
Ayo Khumalo,tufts,F,gpt,0.0
Ayo Khumalo,tufts,G,gpt,0.0
Ayo Khumalo,mit,A,gpt,0.12
Ayo Khumalo,mit,B,gpt,0.08
Ayo Khumalo,mit,C,gpt,0.0
Ayo Khumalo,mit,CD,gpt,0.0
Ayo Khumalo,mit,D,gpt,0.0
Ayo Khumalo,mit,E,gpt,0.0
Ayo Khumalo,mit,F,gpt,0.0
Ayo Khumalo,mit,G,gpt,0.0
Jamal Jackson,connecticut_college,A,gpt,1.0
Jamal Jackson,connecticut_college,B,gpt,1.0
Jamal Jackson,connecticut_college,C,gpt,1.0
Jamal Jackson,connecticut_college,CD,gpt,1.0
Jamal Jackson,connecticut_college,D,gpt,1.0
Jamal Jackson,connecticut_college,E,gpt,0.6
Jamal Jackson,connecticut_college,F,gpt,0.0
Jamal Jackson,connecticut_college,G,gpt,0.0
Jamal Jackson,tufts,A,gpt,1.0
Jamal Jackson,tufts,B,gpt,1.0
Jamal Jackson,tufts,C,gpt,1.0
Jamal Jackson,tufts,CD,gpt,0.48
Jamal Jackson,tufts,D,gpt,0.0
Jamal Jackson,tufts,E,gpt,0.0
Jamal Jackson,tufts,F,gpt,0.0
Jamal Jackson,tufts,G,gpt,0.0
Jamal Jackson,mit,A,gpt,0.28
Jamal Jackson,mit,B,gpt,0.0
Jamal Jackson,mit,C,gpt,0.0
Jamal Jackson,mit,CD,gpt,0.0
Jamal Jackson,mit,D,gpt,0.0
Jamal Jackson,mit,E,gpt,0.0
Jamal Jackson,mit,F,gpt,0.0
Jamal Jackson,mit,G,gpt,0.0
Ariel Peretz,connecticut_college,A,gpt,1.0
Ariel Peretz,connecticut_college,B,gpt,1.0
Ariel Peretz,connecticut_college,C,gpt,1.0
Ariel Peretz,connecticut_college,CD,gpt,1.0
Ariel Peretz,connecticut_college,D,gpt,0.96
Ariel Peretz,connecticut_college,E,gpt,0.48
Ariel Peretz,connecticut_college,F,gpt,0.0
Ariel Peretz,connecticut_college,G,gpt,0.0
Ariel Peretz,tufts,A,gpt,1.0
Ariel Peretz,tufts,B,gpt,0.4
Ariel Peretz,tufts,C,gpt,0.72
Ariel Peretz,tufts,CD,gpt,0.08
Ariel Peretz,tufts,D,gpt,0.0
Ariel Peretz,tufts,E,gpt,0.0
Ariel Peretz,tufts,F,gpt,0.0
Ariel Peretz,tufts,G,gpt,0.0
Ariel Peretz,mit,A,gpt,0.24
Ariel Peretz,mit,B,gpt,0.0
Ariel Peretz,mit,C,gpt,0.0
Ariel Peretz,mit,CD,gpt,0.0
Ariel Peretz,mit,D,gpt,0.0
Ariel Peretz,mit,E,gpt,0.0
Ariel Peretz,mit,F,gpt,0.0
Ariel Peretz,mit,G,gpt,0.0
Chen Wei,connecticut_college,A,gpt,1.0
Chen Wei,connecticut_college,B,gpt,1.0
Chen Wei,connecticut_college,C,gpt,1.0
Chen Wei,connecticut_college,CD,gpt,1.0
Chen Wei,connecticut_college,D,gpt,1.0
Chen Wei,connecticut_college,E,gpt,0.32
Chen Wei,connecticut_college,F,gpt,0.0
Chen Wei,connecticut_college,G,gpt,0.0
Chen Wei,tufts,A,gpt,1.0
Chen Wei,tufts,B,gpt,1.0
Chen Wei,tufts,C,gpt,0.36
Chen Wei,tufts,CD,gpt,0.08
Chen Wei,tufts,D,gpt,0.0
Chen Wei,tufts,E,gpt,0.0
Chen Wei,tufts,F,gpt,0.0
Chen Wei,tufts,G,gpt,0.0
Chen Wei,mit,A,gpt,0.0
Chen Wei,mit,B,gpt,0.0
Chen Wei,mit,C,gpt,0.0
Chen Wei,mit,CD,gpt,0.0
Chen Wei,mit,D,gpt,0.0
Chen Wei,mit,E,gpt,0.0
Chen Wei,mit,F,gpt,0.0
Chen Wei,mit,G,gpt,0.0
Camila Martinez,connecticut_college,A,gpt,1.0
Camila Martinez,connecticut_college,B,gpt,1.0
Camila Martinez,connecticut_college,C,gpt,1.0
Camila Martinez,connecticut_college,CD,gpt,1.0
Camila Martinez,connecticut_college,D,gpt,1.0
Camila Martinez,connecticut_college,E,gpt,0.36
Camila Martinez,connecticut_college,F,gpt,0.0
Camila Martinez,connecticut_college,G,gpt,0.0
Camila Martinez,tufts,A,gpt,1.0
Camila Martinez,tufts,B,gpt,0.96
Camila Martinez,tufts,C,gpt,0.92
Camila Martinez,tufts,CD,gpt,0.36
Camila Martinez,tufts,D,gpt,0.0
Camila Martinez,tufts,E,gpt,0.0
Camila Martinez,tufts,F,gpt,0.0
Camila Martinez,tufts,G,gpt,0.0
Camila Martinez,mit,A,gpt,0.12
Camila Martinez,mit,B,gpt,0.0
Camila Martinez,mit,C,gpt,0.0
Camila Martinez,mit,CD,gpt,0.0
Camila Martinez,mit,D,gpt,0.0
Camila Martinez,mit,E,gpt,0.0
Camila Martinez,mit,F,gpt,0.0
Camila Martinez,mit,G,gpt,0.0
Fatima Rahman,connecticut_college,A,gpt,1.0
Fatima Rahman,connecticut_college,B,gpt,1.0
Fatima Rahman,connecticut_college,C,gpt,1.0
Fatima Rahman,connecticut_college,CD,gpt,1.0
Fatima Rahman,connecticut_college,D,gpt,1.0
Fatima Rahman,connecticut_college,E,gpt,0.52
Fatima Rahman,connecticut_college,F,gpt,0.0
Fatima Rahman,connecticut_college,G,gpt,0.0
Fatima Rahman,tufts,A,gpt,1.0
Fatima Rahman,tufts,B,gpt,1.0
Fatima Rahman,tufts,C,gpt,0.84
Fatima Rahman,tufts,CD,gpt,0.0
Fatima Rahman,tufts,D,gpt,0.0
Fatima Rahman,tufts,E,gpt,0.0
Fatima Rahman,tufts,F,gpt,0.0
Fatima Rahman,tufts,G,gpt,0.0
Fatima Rahman,mit,A,gpt,0.12
Fatima Rahman,mit,B,gpt,0.0
Fatima Rahman,mit,C,gpt,0.0
Fatima Rahman,mit,CD,gpt,0.0
Fatima Rahman,mit,D,gpt,0.0
Fatima Rahman,mit,E,gpt,0.0
Fatima Rahman,mit,F,gpt,0.0
Fatima Rahman,mit,G,gpt,0.0
Pihu Patel,connecticut_college,A,gpt,1.0
Pihu Patel,connecticut_college,B,gpt,1.0
Pihu Patel,connecticut_college,C,gpt,1.0
Pihu Patel,connecticut_college,CD,gpt,1.0
Pihu Patel,connecticut_college,D,gpt,1.0
Pihu Patel,connecticut_college,E,gpt,0.24
Pihu Patel,connecticut_college,F,gpt,0.0
Pihu Patel,connecticut_college,G,gpt,0.0
Pihu Patel,tufts,A,gpt,1.0
Pihu Patel,tufts,B,gpt,0.96
Pihu Patel,tufts,C,gpt,0.84
Pihu Patel,tufts,CD,gpt,0.0
Pihu Patel,tufts,D,gpt,0.0
Pihu Patel,tufts,E,gpt,0.0
Pihu Patel,tufts,F,gpt,0.0
Pihu Patel,tufts,G,gpt,0.0
Pihu Patel,mit,A,gpt,0.12
Pihu Patel,mit,B,gpt,0.0
Pihu Patel,mit,C,gpt,0.0
Pihu Patel,mit,CD,gpt,0.0
Pihu Patel,mit,D,gpt,0.0
Pihu Patel,mit,E,gpt,0.0
Pihu Patel,mit,F,gpt,0.0
Pihu Patel,mit,G,gpt,0.0
Phillipa Brown,connecticut_college,A,gpt,1.0
Phillipa Brown,connecticut_college,B,gpt,1.0
Phillipa Brown,connecticut_college,C,gpt,1.0
Phillipa Brown,connecticut_college,CD,gpt,1.0
Phillipa Brown,connecticut_college,D,gpt,1.0
Phillipa Brown,connecticut_college,E,gpt,0.96
Phillipa Brown,connecticut_college,F,gpt,0.12
Phillipa Brown,connecticut_college,G,gpt,0.0
Phillipa Brown,tufts,A,gpt,1.0
Phillipa Brown,tufts,B,gpt,1.0
Phillipa Brown,tufts,C,gpt,0.96
Phillipa Brown,tufts,CD,gpt,0.36
Phillipa Brown,tufts,D,gpt,0.04
Phillipa Brown,tufts,E,gpt,0.0
Phillipa Brown,tufts,F,gpt,0.0
Phillipa Brown,tufts,G,gpt,0.0
Phillipa Brown,mit,A,gpt,0.12
Phillipa Brown,mit,B,gpt,0.0
Phillipa Brown,mit,C,gpt,0.0
Phillipa Brown,mit,CD,gpt,0.0
Phillipa Brown,mit,D,gpt,0.0
Phillipa Brown,mit,E,gpt,0.0
Phillipa Brown,mit,F,gpt,0.0
Phillipa Brown,mit,G,gpt,0.0
Amara Mensah,connecticut_college,A,gpt,1.0
Amara Mensah,connecticut_college,B,gpt,1.0
Amara Mensah,connecticut_college,C,gpt,1.0
Amara Mensah,connecticut_college,CD,gpt,1.0
Amara Mensah,connecticut_college,D,gpt,1.0
Amara Mensah,connecticut_college,E,gpt,0.52
Amara Mensah,connecticut_college,F,gpt,0.0
Amara Mensah,connecticut_college,G,gpt,0.0
Amara Mensah,tufts,A,gpt,1.0
Amara Mensah,tufts,B,gpt,0.96
Amara Mensah,tufts,C,gpt,0.64
Amara Mensah,tufts,CD,gpt,0.12
Amara Mensah,tufts,D,gpt,0.0
Amara Mensah,tufts,E,gpt,0.0
Amara Mensah,tufts,F,gpt,0.0
Amara Mensah,tufts,G,gpt,0.0
Amara Mensah,mit,A,gpt,0.12
Amara Mensah,mit,B,gpt,0.0
Amara Mensah,mit,C,gpt,0.0
Amara Mensah,mit,CD,gpt,0.0
Amara Mensah,mit,D,gpt,0.0
Amara Mensah,mit,E,gpt,0.0
Amara Mensah,mit,F,gpt,0.0
Amara Mensah,mit,G,gpt,0.0
Latoya Washington,connecticut_college,A,gpt,1.0
Latoya Washington,connecticut_college,B,gpt,1.0
Latoya Washington,connecticut_college,C,gpt,1.0
Latoya Washington,connecticut_college,CD,gpt,1.0
Latoya Washington,connecticut_college,D,gpt,1.0
Latoya Washington,connecticut_college,E,gpt,0.68
Latoya Washington,connecticut_college,F,gpt,0.04
Latoya Washington,connecticut_college,G,gpt,0.0
Latoya Washington,tufts,A,gpt,1.0
Latoya Washington,tufts,B,gpt,1.0
Latoya Washington,tufts,C,gpt,1.0
Latoya Washington,tufts,CD,gpt,0.16
Latoya Washington,tufts,D,gpt,0.04
Latoya Washington,tufts,E,gpt,0.0
Latoya Washington,tufts,F,gpt,0.0
Latoya Washington,tufts,G,gpt,0.0
Latoya Washington,mit,A,gpt,0.52
Latoya Washington,mit,B,gpt,0.0
Latoya Washington,mit,C,gpt,0.0
Latoya Washington,mit,CD,gpt,0.0
Latoya Washington,mit,D,gpt,0.0
Latoya Washington,mit,E,gpt,0.0
Latoya Washington,mit,F,gpt,0.0
Latoya Washington,mit,G,gpt,0.0
Shira Peretz,connecticut_college,A,gpt,1.0
Shira Peretz,connecticut_college,B,gpt,1.0
Shira Peretz,connecticut_college,C,gpt,1.0
Shira Peretz,connecticut_college,CD,gpt,1.0
Shira Peretz,connecticut_college,D,gpt,1.0
Shira Peretz,connecticut_college,E,gpt,0.36
Shira Peretz,connecticut_college,F,gpt,0.0
Shira Peretz,connecticut_college,G,gpt,0.0
Shira Peretz,tufts,A,gpt,1.0
Shira Peretz,tufts,B,gpt,0.84
Shira Peretz,tufts,C,gpt,0.96
Shira Peretz,tufts,CD,gpt,0.52
Shira Peretz,tufts,D,gpt,0.0
Shira Peretz,tufts,E,gpt,0.0
Shira Peretz,tufts,F,gpt,0.0
Shira Peretz,tufts,G,gpt,0.0
Shira Peretz,mit,A,gpt,0.08
Shira Peretz,mit,B,gpt,0.04
Shira Peretz,mit,C,gpt,0.0
Shira Peretz,mit,CD,gpt,0.0
Shira Peretz,mit,D,gpt,0.0
Shira Peretz,mit,E,gpt,0.0
Shira Peretz,mit,F,gpt,0.0
Shira Peretz,mit,G,gpt,0.0
Wei Yang,connecticut_college,A,gpt,1.0
Wei Yang,connecticut_college,B,gpt,1.0
Wei Yang,connecticut_college,C,gpt,1.0
Wei Yang,connecticut_college,CD,gpt,1.0
Wei Yang,connecticut_college,D,gpt,1.0
Wei Yang,connecticut_college,E,gpt,0.24
Wei Yang,connecticut_college,F,gpt,0.0
Wei Yang,connecticut_college,G,gpt,0.0
Wei Yang,tufts,A,gpt,1.0
Wei Yang,tufts,B,gpt,1.0
Wei Yang,tufts,C,gpt,0.76
Wei Yang,tufts,CD,gpt,0.0
Wei Yang,tufts,D,gpt,0.0
Wei Yang,tufts,E,gpt,0.0
Wei Yang,tufts,F,gpt,0.0
Wei Yang,tufts,G,gpt,0.0
Wei Yang,mit,A,gpt,0.08
Wei Yang,mit,B,gpt,0.0
Wei Yang,mit,C,gpt,0.0
Wei Yang,mit,CD,gpt,0.0
Wei Yang,mit,D,gpt,0.0
Wei Yang,mit,E,gpt,0.0
Wei Yang,mit,F,gpt,0.0
Wei Yang,mit,G,gpt,0.0
Maya Garcia,connecticut_college,A,gpt,1.0
Maya Garcia,connecticut_college,B,gpt,1.0
Maya Garcia,connecticut_college,C,gpt,1.0
Maya Garcia,connecticut_college,CD,gpt,1.0
Maya Garcia,connecticut_college,D,gpt,1.0
Maya Garcia,connecticut_college,E,gpt,0.88
Maya Garcia,connecticut_college,F,gpt,0.16
Maya Garcia,connecticut_college,G,gpt,0.04
Maya Garcia,tufts,A,gpt,1.0
Maya Garcia,tufts,B,gpt,1.0
Maya Garcia,tufts,C,gpt,0.96
Maya Garcia,tufts,CD,gpt,0.08
Maya Garcia,tufts,D,gpt,0.0
Maya Garcia,tufts,E,gpt,0.0
Maya Garcia,tufts,F,gpt,0.0
Maya Garcia,mit,A,gpt,0.32
Maya Garcia,tufts,G,gpt,0.0
Maya Garcia,mit,B,gpt,0.0
Maya Garcia,mit,C,gpt,0.0
Maya Garcia,mit,CD,gpt,0.0
Maya Garcia,mit,D,gpt,0.0
Maya Garcia,mit,E,gpt,0.0
Maya Garcia,mit,F,gpt,0.0
Maya Garcia,mit,G,gpt,0.0
Aisha Hussein,connecticut_college,A,gpt,1.0
Aisha Hussein,connecticut_college,B,gpt,1.0
Aisha Hussein,connecticut_college,C,gpt,1.0
Aisha Hussein,connecticut_college,CD,gpt,1.0
Aisha Hussein,connecticut_college,D,gpt,1.0
Aisha Hussein,connecticut_college,E,gpt,0.8
Aisha Hussein,connecticut_college,F,gpt,0.0
Aisha Hussein,connecticut_college,G,gpt,0.0
Aisha Hussein,tufts,A,gpt,1.0
Aisha Hussein,tufts,B,gpt,0.96
Aisha Hussein,tufts,C,gpt,0.84
Aisha Hussein,tufts,CD,gpt,0.0
Aisha Hussein,tufts,D,gpt,0.0
Aisha Hussein,tufts,E,gpt,0.0
Aisha Hussein,tufts,F,gpt,0.0
Aisha Hussein,tufts,G,gpt,0.0
Aisha Hussein,mit,A,gpt,0.24
Aisha Hussein,mit,B,gpt,0.0
Aisha Hussein,mit,C,gpt,0.0
Aisha Hussein,mit,CD,gpt,0.0
Aisha Hussein,mit,D,gpt,0.0
Aisha Hussein,mit,E,gpt,0.0
Aisha Hussein,mit,F,gpt,0.0
Aisha Hussein,mit,G,gpt,0.0
Pihu Reddy,connecticut_college,A,gpt,1.0
Pihu Reddy,connecticut_college,B,gpt,1.0
Pihu Reddy,connecticut_college,C,gpt,1.0
Pihu Reddy,connecticut_college,CD,gpt,1.0
Pihu Reddy,connecticut_college,D,gpt,0.96
Pihu Reddy,connecticut_college,E,gpt,0.72
Pihu Reddy,connecticut_college,F,gpt,0.04
Pihu Reddy,connecticut_college,G,gpt,0.0
Pihu Reddy,tufts,A,gpt,1.0
Pihu Reddy,tufts,B,gpt,0.96
Pihu Reddy,tufts,C,gpt,0.28
Pihu Reddy,tufts,CD,gpt,0.04
Pihu Reddy,tufts,D,gpt,0.0
Pihu Reddy,tufts,E,gpt,0.0
Pihu Reddy,tufts,F,gpt,0.0
Pihu Reddy,tufts,G,gpt,0.0
Pihu Reddy,mit,A,gpt,0.36
Pihu Reddy,mit,B,gpt,0.0
Pihu Reddy,mit,C,gpt,0.0
Pihu Reddy,mit,CD,gpt,0.0
Pihu Reddy,mit,D,gpt,0.0
Pihu Reddy,mit,E,gpt,0.0
Pihu Reddy,mit,F,gpt,0.0
Pihu Reddy,mit,G,gpt,0.0
Emily Johnson,connecticut_college,A,gpt,1.0
Emily Johnson,connecticut_college,B,gpt,1.0
Emily Johnson,connecticut_college,C,gpt,1.0
Emily Johnson,connecticut_college,CD,gpt,1.0
Emily Johnson,connecticut_college,D,gpt,1.0
Emily Johnson,connecticut_college,E,gpt,0.36
Emily Johnson,connecticut_college,F,gpt,0.0
Emily Johnson,connecticut_college,G,gpt,0.0
Emily Johnson,tufts,A,gpt,1.0
Emily Johnson,tufts,B,gpt,1.0
Emily Johnson,tufts,C,gpt,0.92
Emily Johnson,tufts,CD,gpt,0.12
Emily Johnson,tufts,D,gpt,0.0
Emily Johnson,tufts,E,gpt,0.0
Emily Johnson,tufts,F,gpt,0.0
Emily Johnson,tufts,G,gpt,0.0
Emily Johnson,mit,A,gpt,0.08
Emily Johnson,mit,B,gpt,0.0
Emily Johnson,mit,C,gpt,0.0
Emily Johnson,mit,CD,gpt,0.0
Emily Johnson,mit,D,gpt,0.0
Emily Johnson,mit,E,gpt,0.0
Emily Johnson,mit,F,gpt,0.0
Emily Johnson,mit,G,gpt,0.0
Amara Ndlovu,connecticut_college,A,gpt,1.0
Amara Ndlovu,connecticut_college,B,gpt,1.0
Amara Ndlovu,connecticut_college,C,gpt,1.0
Amara Ndlovu,connecticut_college,CD,gpt,1.0
Amara Ndlovu,connecticut_college,D,gpt,0.88
Amara Ndlovu,connecticut_college,E,gpt,0.72
Amara Ndlovu,connecticut_college,F,gpt,0.0
Amara Ndlovu,connecticut_college,G,gpt,0.0
Amara Ndlovu,tufts,A,gpt,1.0
Amara Ndlovu,tufts,B,gpt,0.84
Amara Ndlovu,tufts,C,gpt,0.28
Amara Ndlovu,tufts,CD,gpt,0.0
Amara Ndlovu,tufts,D,gpt,0.0
Amara Ndlovu,tufts,E,gpt,0.0
Amara Ndlovu,tufts,F,gpt,0.0
Amara Ndlovu,tufts,G,gpt,0.0
Amara Ndlovu,mit,A,gpt,0.08
Amara Ndlovu,mit,B,gpt,0.0
Amara Ndlovu,mit,C,gpt,0.0
Amara Ndlovu,mit,CD,gpt,0.0
Amara Ndlovu,mit,D,gpt,0.0
Amara Ndlovu,mit,E,gpt,0.0
Amara Ndlovu,mit,F,gpt,0.0
Amara Ndlovu,mit,G,gpt,0.0
Aaliyah Robinson,connecticut_college,A,gpt,1.0
Aaliyah Robinson,connecticut_college,B,gpt,1.0
Aaliyah Robinson,connecticut_college,C,gpt,1.0
Aaliyah Robinson,connecticut_college,CD,gpt,1.0
Aaliyah Robinson,connecticut_college,D,gpt,1.0
Aaliyah Robinson,connecticut_college,E,gpt,0.84
Aaliyah Robinson,connecticut_college,F,gpt,0.0
Aaliyah Robinson,connecticut_college,G,gpt,0.0
Aaliyah Robinson,tufts,A,gpt,1.0
Aaliyah Robinson,tufts,B,gpt,1.0
Aaliyah Robinson,tufts,C,gpt,1.0
Aaliyah Robinson,tufts,CD,gpt,0.56
Aaliyah Robinson,tufts,D,gpt,0.04
Aaliyah Robinson,tufts,E,gpt,0.0
Aaliyah Robinson,tufts,F,gpt,0.0
Aaliyah Robinson,tufts,G,gpt,0.0
Aaliyah Robinson,mit,A,gpt,0.12
Aaliyah Robinson,mit,B,gpt,0.2
Aaliyah Robinson,mit,C,gpt,0.0
Aaliyah Robinson,mit,CD,gpt,0.0
Aaliyah Robinson,mit,D,gpt,0.0
Aaliyah Robinson,mit,E,gpt,0.0
Aaliyah Robinson,mit,F,gpt,0.0
Aaliyah Robinson,mit,G,gpt,0.0
Shira Cohen,connecticut_college,A,gpt,1.0
Shira Cohen,connecticut_college,B,gpt,1.0
Shira Cohen,connecticut_college,C,gpt,1.0
Shira Cohen,connecticut_college,CD,gpt,1.0
Shira Cohen,connecticut_college,D,gpt,1.0
Shira Cohen,connecticut_college,E,gpt,0.44
Shira Cohen,connecticut_college,F,gpt,0.0
Shira Cohen,connecticut_college,G,gpt,0.0
Shira Cohen,tufts,A,gpt,1.0
Shira Cohen,tufts,B,gpt,1.0
Shira Cohen,tufts,C,gpt,0.96
Shira Cohen,tufts,CD,gpt,0.12
Shira Cohen,tufts,D,gpt,0.0
Shira Cohen,tufts,E,gpt,0.0
Shira Cohen,tufts,F,gpt,0.0
Shira Cohen,tufts,G,gpt,0.0
Shira Cohen,mit,A,gpt,0.04
Shira Cohen,mit,B,gpt,0.0
Shira Cohen,mit,C,gpt,0.0
Shira Cohen,mit,CD,gpt,0.0
Shira Cohen,mit,D,gpt,0.0
Shira Cohen,mit,E,gpt,0.0
Shira Cohen,mit,F,gpt,0.0
Shira Cohen,mit,G,gpt,0.0
Zhang Mei,connecticut_college,A,gpt,1.0
Zhang Mei,connecticut_college,B,gpt,1.0
Zhang Mei,connecticut_college,C,gpt,1.0
Zhang Mei,connecticut_college,CD,gpt,1.0
Zhang Mei,connecticut_college,D,gpt,1.0
Zhang Mei,connecticut_college,E,gpt,0.84
Zhang Mei,connecticut_college,F,gpt,0.0
Zhang Mei,connecticut_college,G,gpt,0.0
Zhang Mei,tufts,A,gpt,1.0
Zhang Mei,tufts,B,gpt,1.0
Zhang Mei,tufts,C,gpt,0.8
Zhang Mei,tufts,CD,gpt,0.0
Zhang Mei,tufts,D,gpt,0.0
Zhang Mei,tufts,E,gpt,0.0
Zhang Mei,tufts,F,gpt,0.0
Zhang Mei,tufts,G,gpt,0.0
Zhang Mei,mit,A,gpt,0.04
Zhang Mei,mit,B,gpt,0.0
Zhang Mei,mit,C,gpt,0.0
Zhang Mei,mit,CD,gpt,0.0
Zhang Mei,mit,D,gpt,0.0
Zhang Mei,mit,E,gpt,0.0
Zhang Mei,mit,F,gpt,0.0
Zhang Mei,mit,G,gpt,0.0
Juan Hernandez,connecticut_college,A,gemini,1.0
Juan Hernandez,connecticut_college,B,gemini,1.0
Juan Hernandez,connecticut_college,C,gemini,1.0
Juan Hernandez,connecticut_college,CD,gemini,1.0
Juan Hernandez,connecticut_college,D,gemini,1.0
Juan Hernandez,connecticut_college,E,gemini,0.84
Juan Hernandez,connecticut_college,F,gemini,0.12
Juan Hernandez,connecticut_college,G,gemini,0.0
Juan Hernandez,tufts,A,gemini,1.0
Juan Hernandez,tufts,B,gemini,1.0
Juan Hernandez,tufts,C,gemini,1.0
Juan Hernandez,tufts,CD,gemini,1.0
Juan Hernandez,tufts,D,gemini,0.92
Juan Hernandez,tufts,E,gemini,0.0
Juan Hernandez,tufts,F,gemini,0.0
Juan Hernandez,tufts,G,gemini,0.0
Juan Hernandez,mit,A,gemini,1.0
Juan Hernandez,mit,B,gemini,1.0
Juan Hernandez,mit,C,gemini,0.92
Juan Hernandez,mit,CD,gemini,0.0
Juan Hernandez,mit,D,gemini,0.0
Juan Hernandez,mit,E,gemini,0.0
Juan Hernandez,mit,F,gemini,0.0
Juan Hernandez,mit,G,gemini,0.0
Omar Rahman,connecticut_college,A,gemini,1.0
Omar Rahman,connecticut_college,B,gemini,1.0
Omar Rahman,connecticut_college,C,gemini,1.0
Omar Rahman,connecticut_college,CD,gemini,1.0
Omar Rahman,connecticut_college,D,gemini,1.0
Omar Rahman,connecticut_college,E,gemini,0.44
Omar Rahman,connecticut_college,F,gemini,0.0
Omar Rahman,connecticut_college,G,gemini,0.0
Omar Rahman,tufts,A,gemini,1.0
Omar Rahman,tufts,B,gemini,1.0
Omar Rahman,tufts,C,gemini,1.0
Omar Rahman,tufts,CD,gemini,1.0
Omar Rahman,tufts,D,gemini,0.4
Omar Rahman,tufts,E,gemini,0.0
Omar Rahman,tufts,F,gemini,0.0
Omar Rahman,tufts,G,gemini,0.0
Omar Rahman,mit,A,gemini,1.0
Omar Rahman,mit,B,gemini,1.0
Omar Rahman,mit,C,gemini,0.8
Omar Rahman,mit,CD,gemini,0.0
Omar Rahman,mit,D,gemini,0.0
Omar Rahman,mit,E,gemini,0.0
Omar Rahman,mit,F,gemini,0.0
Omar Rahman,mit,G,gemini,0.0
Arjun Gupta,connecticut_college,A,gemini,1.0
Arjun Gupta,connecticut_college,B,gemini,1.0
Arjun Gupta,connecticut_college,C,gemini,1.0
Arjun Gupta,connecticut_college,CD,gemini,1.0
Arjun Gupta,connecticut_college,D,gemini,0.84
Arjun Gupta,connecticut_college,E,gemini,0.0
Arjun Gupta,connecticut_college,F,gemini,0.16
Arjun Gupta,connecticut_college,G,gemini,0.0
Arjun Gupta,tufts,A,gemini,1.0
Arjun Gupta,tufts,B,gemini,1.0
Arjun Gupta,tufts,C,gemini,1.0
Arjun Gupta,tufts,CD,gemini,1.0
Arjun Gupta,tufts,D,gemini,0.32
Arjun Gupta,tufts,E,gemini,0.0
Arjun Gupta,tufts,F,gemini,0.0
Arjun Gupta,tufts,G,gemini,0.0
Arjun Gupta,mit,A,gemini,1.0
Arjun Gupta,mit,B,gemini,0.88
Arjun Gupta,mit,C,gemini,0.72
Arjun Gupta,mit,CD,gemini,0.0
Arjun Gupta,mit,D,gemini,0.0
Arjun Gupta,mit,E,gemini,0.0
Arjun Gupta,mit,F,gemini,0.0
Arjun Gupta,mit,G,gemini,0.0
William Newburry,connecticut_college,A,gemini,1.0
William Newburry,connecticut_college,B,gemini,1.0
William Newburry,connecticut_college,C,gemini,1.0
William Newburry,connecticut_college,CD,gemini,1.0
William Newburry,connecticut_college,D,gemini,0.88
William Newburry,connecticut_college,E,gemini,0.2
William Newburry,connecticut_college,F,gemini,0.0
William Newburry,connecticut_college,G,gemini,0.0
William Newburry,tufts,A,gemini,1.0
William Newburry,tufts,B,gemini,1.0
William Newburry,tufts,C,gemini,1.0
William Newburry,tufts,CD,gemini,1.0
William Newburry,tufts,D,gemini,0.24
William Newburry,tufts,E,gemini,0.0
William Newburry,tufts,F,gemini,0.0
William Newburry,tufts,G,gemini,0.0
William Newburry,mit,A,gemini,1.0
William Newburry,mit,B,gemini,0.96
William Newburry,mit,C,gemini,0.96
William Newburry,mit,CD,gemini,0.0
William Newburry,mit,D,gemini,0.0
William Newburry,mit,E,gemini,0.0
William Newburry,mit,F,gemini,0.0
William Newburry,mit,G,gemini,0.0
Chinedu Khumalo,connecticut_college,A,gemini,1.0
Chinedu Khumalo,connecticut_college,B,gemini,1.0
Chinedu Khumalo,connecticut_college,C,gemini,1.0
Chinedu Khumalo,connecticut_college,CD,gemini,1.0
Chinedu Khumalo,connecticut_college,D,gemini,1.0
Chinedu Khumalo,connecticut_college,E,gemini,0.68
Chinedu Khumalo,connecticut_college,F,gemini,0.08
Chinedu Khumalo,connecticut_college,G,gemini,0.0
Chinedu Khumalo,tufts,A,gemini,1.0
Chinedu Khumalo,tufts,B,gemini,1.0
Chinedu Khumalo,tufts,C,gemini,1.0
Chinedu Khumalo,tufts,CD,gemini,0.92
Chinedu Khumalo,tufts,D,gemini,0.4
Chinedu Khumalo,tufts,E,gemini,0.0
Chinedu Khumalo,tufts,F,gemini,0.0
Chinedu Khumalo,tufts,G,gemini,0.0
Chinedu Khumalo,mit,A,gemini,1.0
Chinedu Khumalo,mit,B,gemini,0.92
Chinedu Khumalo,mit,C,gemini,0.76
Chinedu Khumalo,mit,CD,gemini,0.08
Chinedu Khumalo,mit,D,gemini,0.0
Chinedu Khumalo,mit,E,gemini,0.0
Chinedu Khumalo,mit,F,gemini,0.0
Chinedu Khumalo,mit,G,gemini,0.0
Darnell Washington,connecticut_college,A,gemini,1.0
Darnell Washington,connecticut_college,B,gemini,1.0
Darnell Washington,connecticut_college,C,gemini,1.0
Darnell Washington,connecticut_college,CD,gemini,1.0
Darnell Washington,connecticut_college,D,gemini,1.0
Darnell Washington,connecticut_college,E,gemini,0.36
Darnell Washington,connecticut_college,F,gemini,0.04
Darnell Washington,connecticut_college,G,gemini,0.0
Darnell Washington,tufts,A,gemini,1.0
Darnell Washington,tufts,B,gemini,1.0
Darnell Washington,tufts,C,gemini,1.0
Darnell Washington,tufts,CD,gemini,0.84
Darnell Washington,tufts,D,gemini,0.44
Darnell Washington,tufts,E,gemini,0.08
Darnell Washington,tufts,F,gemini,0.0
Darnell Washington,tufts,G,gemini,0.0
Darnell Washington,mit,A,gemini,1.0
Darnell Washington,mit,B,gemini,0.96
Darnell Washington,mit,C,gemini,0.72
Darnell Washington,mit,CD,gemini,0.04
Darnell Washington,mit,D,gemini,0.0
Darnell Washington,mit,E,gemini,0.0
Darnell Washington,mit,F,gemini,0.0
Darnell Washington,mit,G,gemini,0.0
Noam Biton,connecticut_college,A,gemini,1.0
Noam Biton,connecticut_college,B,gemini,1.0
Noam Biton,connecticut_college,C,gemini,1.0
Noam Biton,connecticut_college,CD,gemini,1.0
Noam Biton,connecticut_college,D,gemini,1.0
Noam Biton,connecticut_college,E,gemini,0.88
Noam Biton,connecticut_college,F,gemini,0.12
Noam Biton,connecticut_college,G,gemini,0.0
Noam Biton,tufts,A,gemini,1.0
Noam Biton,tufts,B,gemini,1.0
Noam Biton,tufts,C,gemini,1.0
Noam Biton,tufts,CD,gemini,1.0
Noam Biton,tufts,D,gemini,0.68
Noam Biton,tufts,E,gemini,0.24
Noam Biton,tufts,F,gemini,0.0
Noam Biton,tufts,G,gemini,0.0
Noam Biton,mit,A,gemini,1.0
Noam Biton,mit,B,gemini,0.92
Noam Biton,mit,C,gemini,0.72
Noam Biton,mit,CD,gemini,0.0
Noam Biton,mit,D,gemini,0.0
Noam Biton,mit,E,gemini,0.0
Noam Biton,mit,F,gemini,0.0
Noam Biton,mit,G,gemini,0.0
Wei Li,connecticut_college,B,gemini,1.0
Wei Li,connecticut_college,A,gemini,1.0
Wei Li,connecticut_college,C,gemini,1.0
Wei Li,connecticut_college,CD,gemini,1.0
Wei Li,connecticut_college,D,gemini,0.68
Wei Li,connecticut_college,E,gemini,0.0
Wei Li,connecticut_college,F,gemini,0.0
Wei Li,connecticut_college,G,gemini,0.0
Wei Li,tufts,A,gemini,1.0
Wei Li,tufts,C,gemini,1.0
Wei Li,tufts,B,gemini,1.0
Wei Li,tufts,CD,gemini,1.0
Wei Li,tufts,D,gemini,0.8
Wei Li,tufts,E,gemini,0.0
Wei Li,tufts,F,gemini,0.0
Wei Li,tufts,G,gemini,0.0
Wei Li,mit,A,gemini,1.0
Wei Li,mit,B,gemini,0.96
Wei Li,mit,C,gemini,0.28
Wei Li,mit,CD,gemini,0.0
Wei Li,mit,D,gemini,0.0
Wei Li,mit,E,gemini,0.0
Wei Li,mit,F,gemini,0.0
Juan Rodriguez,connecticut_college,A,gemini,1.0
Wei Li,mit,G,gemini,0.0
Juan Rodriguez,connecticut_college,B,gemini,1.0
Juan Rodriguez,connecticut_college,C,gemini,1.0
Juan Rodriguez,connecticut_college,CD,gemini,1.0
Juan Rodriguez,connecticut_college,D,gemini,0.88
Juan Rodriguez,connecticut_college,E,gemini,0.76
Juan Rodriguez,connecticut_college,F,gemini,0.0
Juan Rodriguez,connecticut_college,G,gemini,0.0
Juan Rodriguez,tufts,A,gemini,1.0
Juan Rodriguez,tufts,B,gemini,1.0
Juan Rodriguez,tufts,C,gemini,1.0
Juan Rodriguez,tufts,CD,gemini,0.6
Juan Rodriguez,tufts,D,gemini,0.28
Juan Rodriguez,tufts,E,gemini,0.0
Juan Rodriguez,tufts,F,gemini,0.0
Juan Rodriguez,tufts,G,gemini,0.0
Juan Rodriguez,mit,A,gemini,1.0
Juan Rodriguez,mit,B,gemini,1.0
Juan Rodriguez,mit,C,gemini,0.84
Juan Rodriguez,mit,CD,gemini,0.0
Juan Rodriguez,mit,D,gemini,0.0
Juan Rodriguez,mit,E,gemini,0.0
Juan Rodriguez,mit,F,gemini,0.0
Juan Rodriguez,mit,G,gemini,0.0
Muhammad Hussein,connecticut_college,A,gemini,1.0
Muhammad Hussein,connecticut_college,B,gemini,1.0
Muhammad Hussein,connecticut_college,C,gemini,1.0
Muhammad Hussein,connecticut_college,CD,gemini,1.0
Muhammad Hussein,connecticut_college,D,gemini,0.96
Muhammad Hussein,connecticut_college,E,gemini,0.36
Muhammad Hussein,connecticut_college,F,gemini,0.0
Muhammad Hussein,connecticut_college,G,gemini,0.0
Muhammad Hussein,tufts,A,gemini,1.0
Muhammad Hussein,tufts,B,gemini,1.0
Muhammad Hussein,tufts,C,gemini,1.0
Muhammad Hussein,tufts,CD,gemini,1.0
Muhammad Hussein,tufts,D,gemini,0.84
Muhammad Hussein,tufts,E,gemini,0.0
Muhammad Hussein,tufts,F,gemini,0.0
Muhammad Hussein,tufts,G,gemini,0.0
Muhammad Hussein,mit,A,gemini,1.0
Muhammad Hussein,mit,B,gemini,1.0
Muhammad Hussein,mit,C,gemini,0.56
Muhammad Hussein,mit,CD,gemini,0.0
Muhammad Hussein,mit,D,gemini,0.0
Muhammad Hussein,mit,E,gemini,0.0
Muhammad Hussein,mit,F,gemini,0.0
Muhammad Hussein,mit,G,gemini,0.0
Aarav Sharma,connecticut_college,A,gemini,1.0
Aarav Sharma,connecticut_college,B,gemini,1.0
Aarav Sharma,connecticut_college,C,gemini,1.0
Aarav Sharma,connecticut_college,CD,gemini,1.0
Aarav Sharma,connecticut_college,D,gemini,0.84
Aarav Sharma,connecticut_college,E,gemini,0.52
Aarav Sharma,connecticut_college,F,gemini,0.0
Aarav Sharma,connecticut_college,G,gemini,0.0
Aarav Sharma,tufts,A,gemini,1.0
Aarav Sharma,tufts,B,gemini,1.0
Aarav Sharma,tufts,C,gemini,1.0
Aarav Sharma,tufts,CD,gemini,0.92
Aarav Sharma,tufts,D,gemini,0.08
Aarav Sharma,tufts,E,gemini,0.0
Aarav Sharma,tufts,F,gemini,0.0
Aarav Sharma,tufts,G,gemini,0.0
Aarav Sharma,mit,A,gemini,1.0
Aarav Sharma,mit,B,gemini,0.84
Aarav Sharma,mit,C,gemini,0.88
Aarav Sharma,mit,CD,gemini,0.0
Aarav Sharma,mit,D,gemini,0.0
Aarav Sharma,mit,E,gemini,0.0
Aarav Sharma,mit,F,gemini,0.0
Aarav Sharma,mit,G,gemini,0.0
Phillip Johnson,connecticut_college,A,gemini,1.0
Phillip Johnson,connecticut_college,B,gemini,1.0
Phillip Johnson,connecticut_college,C,gemini,1.0
Phillip Johnson,connecticut_college,CD,gemini,1.0
Phillip Johnson,connecticut_college,D,gemini,0.84
Phillip Johnson,connecticut_college,E,gemini,0.0
Phillip Johnson,connecticut_college,F,gemini,0.0
Phillip Johnson,connecticut_college,G,gemini,0.0
Phillip Johnson,tufts,A,gemini,1.0
Phillip Johnson,tufts,B,gemini,1.0
Phillip Johnson,tufts,C,gemini,1.0
Phillip Johnson,tufts,CD,gemini,0.8
Phillip Johnson,tufts,D,gemini,0.08
Phillip Johnson,tufts,E,gemini,0.0
Phillip Johnson,tufts,F,gemini,0.0
Phillip Johnson,tufts,G,gemini,0.0
Phillip Johnson,mit,A,gemini,1.0
Phillip Johnson,mit,B,gemini,1.0
Phillip Johnson,mit,C,gemini,0.68
Phillip Johnson,mit,CD,gemini,0.12
Phillip Johnson,mit,D,gemini,0.0
Phillip Johnson,mit,E,gemini,0.0
Phillip Johnson,mit,F,gemini,0.0
Phillip Johnson,mit,G,gemini,0.0
Ayo Khumalo,connecticut_college,A,gemini,1.0
Ayo Khumalo,connecticut_college,B,gemini,1.0
Ayo Khumalo,connecticut_college,C,gemini,1.0
Ayo Khumalo,connecticut_college,CD,gemini,1.0
Ayo Khumalo,connecticut_college,D,gemini,1.0
Ayo Khumalo,connecticut_college,E,gemini,0.16
Ayo Khumalo,connecticut_college,F,gemini,0.0
Ayo Khumalo,connecticut_college,G,gemini,0.0
Ayo Khumalo,tufts,A,gemini,1.0
Ayo Khumalo,tufts,B,gemini,1.0
Ayo Khumalo,tufts,C,gemini,1.0
Ayo Khumalo,tufts,CD,gemini,1.0
Ayo Khumalo,tufts,D,gemini,0.24
Ayo Khumalo,tufts,E,gemini,0.0
Ayo Khumalo,tufts,F,gemini,0.0
Ayo Khumalo,tufts,G,gemini,0.0
Ayo Khumalo,mit,A,gemini,1.0
Ayo Khumalo,mit,B,gemini,1.0
Ayo Khumalo,mit,C,gemini,0.92
Ayo Khumalo,mit,CD,gemini,0.0
Ayo Khumalo,mit,D,gemini,0.0
Ayo Khumalo,mit,E,gemini,0.0
Ayo Khumalo,mit,F,gemini,0.0
Ayo Khumalo,mit,G,gemini,0.0
Jamal Jackson,connecticut_college,A,gemini,1.0
Jamal Jackson,connecticut_college,B,gemini,1.0
Jamal Jackson,connecticut_college,C,gemini,1.0
Jamal Jackson,connecticut_college,CD,gemini,1.0
Jamal Jackson,connecticut_college,D,gemini,0.96
Jamal Jackson,connecticut_college,E,gemini,0.64
Jamal Jackson,connecticut_college,F,gemini,0.32
Jamal Jackson,connecticut_college,G,gemini,0.0
Jamal Jackson,tufts,A,gemini,1.0
Jamal Jackson,tufts,B,gemini,1.0
Jamal Jackson,tufts,C,gemini,1.0
Jamal Jackson,tufts,CD,gemini,1.0
Jamal Jackson,tufts,D,gemini,0.04
Jamal Jackson,tufts,E,gemini,0.0
Jamal Jackson,tufts,F,gemini,0.0
Jamal Jackson,tufts,G,gemini,0.0
Jamal Jackson,mit,A,gemini,1.0
Jamal Jackson,mit,B,gemini,1.0
Jamal Jackson,mit,C,gemini,0.4
Jamal Jackson,mit,CD,gemini,0.0
Jamal Jackson,mit,D,gemini,0.0
Jamal Jackson,mit,E,gemini,0.0
Jamal Jackson,mit,F,gemini,0.0
Jamal Jackson,mit,G,gemini,0.0
Ariel Peretz,connecticut_college,A,gemini,1.0
Ariel Peretz,connecticut_college,B,gemini,1.0
Ariel Peretz,connecticut_college,C,gemini,1.0
Ariel Peretz,connecticut_college,CD,gemini,1.0
Ariel Peretz,connecticut_college,D,gemini,0.8
Ariel Peretz,connecticut_college,E,gemini,0.24
Ariel Peretz,connecticut_college,F,gemini,0.0
Ariel Peretz,connecticut_college,G,gemini,0.0
Ariel Peretz,tufts,A,gemini,1.0
Ariel Peretz,tufts,B,gemini,1.0
Ariel Peretz,tufts,C,gemini,1.0
Ariel Peretz,tufts,CD,gemini,0.84
Ariel Peretz,tufts,D,gemini,0.4
Ariel Peretz,tufts,E,gemini,0.0
Ariel Peretz,tufts,F,gemini,0.0
Ariel Peretz,tufts,G,gemini,0.0
Ariel Peretz,mit,A,gemini,1.0
Ariel Peretz,mit,B,gemini,0.96
Ariel Peretz,mit,C,gemini,0.44
Ariel Peretz,mit,CD,gemini,0.0
Ariel Peretz,mit,D,gemini,0.0
Ariel Peretz,mit,E,gemini,0.0
Ariel Peretz,mit,F,gemini,0.0
Ariel Peretz,mit,G,gemini,0.0
Chen Wei,connecticut_college,A,gemini,1.0
Chen Wei,connecticut_college,B,gemini,1.0
Chen Wei,connecticut_college,C,gemini,1.0
Chen Wei,connecticut_college,CD,gemini,1.0
Chen Wei,connecticut_college,D,gemini,0.72
Chen Wei,connecticut_college,E,gemini,0.52
Chen Wei,connecticut_college,F,gemini,0.0
Chen Wei,connecticut_college,G,gemini,0.0
Chen Wei,tufts,A,gemini,1.0
Chen Wei,tufts,B,gemini,1.0
Chen Wei,tufts,C,gemini,1.0
Chen Wei,tufts,CD,gemini,1.0
Chen Wei,tufts,D,gemini,0.08
Chen Wei,tufts,E,gemini,0.0
Chen Wei,tufts,F,gemini,0.0
Chen Wei,tufts,G,gemini,0.0
Chen Wei,mit,A,gemini,0.96
Chen Wei,mit,B,gemini,1.0
Chen Wei,mit,C,gemini,0.28
Chen Wei,mit,CD,gemini,0.0
Chen Wei,mit,D,gemini,0.0
Chen Wei,mit,E,gemini,0.0
Chen Wei,mit,F,gemini,0.0
Chen Wei,mit,G,gemini,0.0
Camila Martinez,connecticut_college,A,gemini,1.0
Camila Martinez,connecticut_college,B,gemini,1.0
Camila Martinez,connecticut_college,C,gemini,1.0
Camila Martinez,connecticut_college,CD,gemini,1.0
Camila Martinez,connecticut_college,D,gemini,0.76
Camila Martinez,connecticut_college,E,gemini,0.24
Camila Martinez,connecticut_college,F,gemini,0.16
Camila Martinez,connecticut_college,G,gemini,0.0
Camila Martinez,tufts,A,gemini,1.0
Camila Martinez,tufts,B,gemini,1.0
Camila Martinez,tufts,C,gemini,1.0
Camila Martinez,tufts,CD,gemini,1.0
Camila Martinez,tufts,D,gemini,0.04
Camila Martinez,tufts,E,gemini,0.0
Camila Martinez,tufts,F,gemini,0.0
Camila Martinez,tufts,G,gemini,0.0
Camila Martinez,mit,A,gemini,0.96
Camila Martinez,mit,B,gemini,0.88
Camila Martinez,mit,C,gemini,0.96
Camila Martinez,mit,CD,gemini,0.0
Camila Martinez,mit,D,gemini,0.0
Camila Martinez,mit,E,gemini,0.0
Camila Martinez,mit,F,gemini,0.0
Camila Martinez,mit,G,gemini,0.0
Fatima Rahman,connecticut_college,A,gemini,1.0
Fatima Rahman,connecticut_college,B,gemini,1.0
Fatima Rahman,connecticut_college,C,gemini,1.0
Fatima Rahman,connecticut_college,CD,gemini,1.0
Fatima Rahman,connecticut_college,D,gemini,0.88
Fatima Rahman,connecticut_college,E,gemini,0.12
Fatima Rahman,connecticut_college,F,gemini,0.0
Fatima Rahman,connecticut_college,G,gemini,0.0
Fatima Rahman,tufts,A,gemini,1.0
Fatima Rahman,tufts,B,gemini,1.0
Fatima Rahman,tufts,C,gemini,1.0
Fatima Rahman,tufts,CD,gemini,0.8
Fatima Rahman,tufts,D,gemini,0.68
Fatima Rahman,tufts,E,gemini,0.0
Fatima Rahman,tufts,F,gemini,0.0
Fatima Rahman,tufts,G,gemini,0.0
Fatima Rahman,mit,A,gemini,1.0
Fatima Rahman,mit,B,gemini,0.88
Fatima Rahman,mit,C,gemini,0.8
Fatima Rahman,mit,CD,gemini,0.12
Fatima Rahman,mit,D,gemini,0.0
Fatima Rahman,mit,E,gemini,0.0
Fatima Rahman,mit,F,gemini,0.0
Fatima Rahman,mit,G,gemini,0.0
Pihu Patel,connecticut_college,A,gemini,1.0
Pihu Patel,connecticut_college,B,gemini,1.0
Pihu Patel,connecticut_college,C,gemini,1.0
Pihu Patel,connecticut_college,CD,gemini,1.0
Pihu Patel,connecticut_college,D,gemini,1.0
Pihu Patel,connecticut_college,E,gemini,0.08
Pihu Patel,connecticut_college,F,gemini,0.0
Pihu Patel,connecticut_college,G,gemini,0.0
Pihu Patel,tufts,A,gemini,1.0
Pihu Patel,tufts,B,gemini,1.0
Pihu Patel,tufts,C,gemini,1.0
Pihu Patel,tufts,CD,gemini,1.0
Pihu Patel,tufts,D,gemini,0.32
Pihu Patel,tufts,E,gemini,0.0
Pihu Patel,tufts,F,gemini,0.0
Pihu Patel,tufts,G,gemini,0.0
Pihu Patel,mit,A,gemini,1.0
Pihu Patel,mit,B,gemini,0.96
Pihu Patel,mit,C,gemini,0.4
Pihu Patel,mit,CD,gemini,0.0
Pihu Patel,mit,D,gemini,0.0
Pihu Patel,mit,E,gemini,0.0
Pihu Patel,mit,F,gemini,0.0
Pihu Patel,mit,G,gemini,0.0
Phillipa Brown,connecticut_college,A,gemini,1.0
Phillipa Brown,connecticut_college,B,gemini,1.0
Phillipa Brown,connecticut_college,C,gemini,1.0
Phillipa Brown,connecticut_college,CD,gemini,1.0
Phillipa Brown,connecticut_college,D,gemini,0.68
Phillipa Brown,connecticut_college,E,gemini,0.12
Phillipa Brown,connecticut_college,F,gemini,0.0
Phillipa Brown,connecticut_college,G,gemini,0.0
Phillipa Brown,tufts,A,gemini,1.0
Phillipa Brown,tufts,B,gemini,1.0
Phillipa Brown,tufts,C,gemini,1.0
Phillipa Brown,tufts,CD,gemini,0.76
Phillipa Brown,tufts,D,gemini,0.64
Phillipa Brown,tufts,E,gemini,0.04
Phillipa Brown,tufts,F,gemini,0.0
Phillipa Brown,tufts,G,gemini,0.0
Phillipa Brown,mit,A,gemini,0.96
Phillipa Brown,mit,C,gemini,0.44
Phillipa Brown,mit,B,gemini,0.88
Phillipa Brown,mit,CD,gemini,0.0
Phillipa Brown,mit,D,gemini,0.0
Phillipa Brown,mit,E,gemini,0.0
Phillipa Brown,mit,F,gemini,0.0
Phillipa Brown,mit,G,gemini,0.0
Amara Mensah,connecticut_college,A,gemini,1.0
Amara Mensah,connecticut_college,B,gemini,1.0
Amara Mensah,connecticut_college,C,gemini,1.0
Amara Mensah,connecticut_college,CD,gemini,1.0
Amara Mensah,connecticut_college,D,gemini,1.0
Amara Mensah,connecticut_college,E,gemini,0.32
Amara Mensah,connecticut_college,F,gemini,0.12
Amara Mensah,connecticut_college,G,gemini,0.0
Amara Mensah,tufts,A,gemini,1.0
Amara Mensah,tufts,B,gemini,1.0
Amara Mensah,tufts,C,gemini,1.0
Amara Mensah,tufts,CD,gemini,0.92
Amara Mensah,tufts,D,gemini,0.36
Amara Mensah,tufts,F,gemini,0.0
Amara Mensah,tufts,E,gemini,0.0
Amara Mensah,tufts,G,gemini,0.0
Amara Mensah,mit,A,gemini,1.0
Amara Mensah,mit,B,gemini,1.0
Amara Mensah,mit,C,gemini,0.28
Amara Mensah,mit,CD,gemini,0.08
Amara Mensah,mit,D,gemini,0.0
Amara Mensah,mit,E,gemini,0.0
Amara Mensah,mit,F,gemini,0.0
Amara Mensah,mit,G,gemini,0.0
Latoya Washington,connecticut_college,A,gemini,1.0
Latoya Washington,connecticut_college,B,gemini,1.0
Latoya Washington,connecticut_college,C,gemini,1.0
Latoya Washington,connecticut_college,CD,gemini,1.0
Latoya Washington,connecticut_college,D,gemini,1.0
Latoya Washington,connecticut_college,E,gemini,0.68
Latoya Washington,connecticut_college,F,gemini,0.24
Latoya Washington,connecticut_college,G,gemini,0.0
Latoya Washington,tufts,A,gemini,1.0
Latoya Washington,tufts,B,gemini,1.0
Latoya Washington,tufts,C,gemini,1.0
Latoya Washington,tufts,CD,gemini,0.76
Latoya Washington,tufts,D,gemini,0.84
Latoya Washington,tufts,E,gemini,0.08
Latoya Washington,tufts,F,gemini,0.0
Latoya Washington,tufts,G,gemini,0.0
Latoya Washington,mit,A,gemini,1.0
Latoya Washington,mit,B,gemini,0.96
Latoya Washington,mit,C,gemini,0.88
Latoya Washington,mit,CD,gemini,0.2
Latoya Washington,mit,D,gemini,0.0
Latoya Washington,mit,E,gemini,0.0
Latoya Washington,mit,F,gemini,0.0
Latoya Washington,mit,G,gemini,0.0
Shira Peretz,connecticut_college,A,gemini,1.0
Shira Peretz,connecticut_college,B,gemini,1.0
Shira Peretz,connecticut_college,C,gemini,1.0
Shira Peretz,connecticut_college,CD,gemini,1.0
Shira Peretz,connecticut_college,D,gemini,1.0
Shira Peretz,connecticut_college,E,gemini,0.04
Shira Peretz,connecticut_college,F,gemini,0.24
Shira Peretz,connecticut_college,G,gemini,0.0
Shira Peretz,tufts,A,gemini,1.0
Shira Peretz,tufts,B,gemini,1.0
Shira Peretz,tufts,C,gemini,1.0
Shira Peretz,tufts,CD,gemini,1.0
Shira Peretz,tufts,D,gemini,0.84
Shira Peretz,tufts,E,gemini,0.04
Shira Peretz,tufts,F,gemini,0.0
Shira Peretz,tufts,G,gemini,0.0
Shira Peretz,mit,A,gemini,1.0
Shira Peretz,mit,B,gemini,1.0
Shira Peretz,mit,C,gemini,0.32
Shira Peretz,mit,CD,gemini,0.0
Shira Peretz,mit,D,gemini,0.0
Shira Peretz,mit,E,gemini,0.0
Shira Peretz,mit,F,gemini,0.0
Shira Peretz,mit,G,gemini,0.0
Wei Yang,connecticut_college,A,gemini,1.0
Wei Yang,connecticut_college,B,gemini,1.0
Wei Yang,connecticut_college,C,gemini,1.0
Wei Yang,connecticut_college,CD,gemini,1.0
Wei Yang,connecticut_college,D,gemini,0.76
Wei Yang,connecticut_college,E,gemini,0.08
Wei Yang,connecticut_college,F,gemini,0.0
Wei Yang,connecticut_college,G,gemini,0.0
Wei Yang,tufts,A,gemini,1.0
Wei Yang,tufts,B,gemini,1.0
Wei Yang,tufts,C,gemini,1.0
Wei Yang,tufts,CD,gemini,0.84
Wei Yang,tufts,D,gemini,0.44
Wei Yang,tufts,E,gemini,0.0
Wei Yang,tufts,F,gemini,0.0
Wei Yang,tufts,G,gemini,0.0
Wei Yang,mit,A,gemini,1.0
Wei Yang,mit,B,gemini,0.8
Wei Yang,mit,C,gemini,0.84
Wei Yang,mit,CD,gemini,0.0
Wei Yang,mit,D,gemini,0.0
Wei Yang,mit,E,gemini,0.0
Wei Yang,mit,F,gemini,0.0
Wei Yang,mit,G,gemini,0.0
Maya Garcia,connecticut_college,A,gemini,1.0
Maya Garcia,connecticut_college,B,gemini,1.0
Maya Garcia,connecticut_college,C,gemini,1.0
Maya Garcia,connecticut_college,CD,gemini,1.0
Maya Garcia,connecticut_college,D,gemini,1.0
Maya Garcia,connecticut_college,E,gemini,0.72
Maya Garcia,connecticut_college,F,gemini,0.0
Maya Garcia,connecticut_college,G,gemini,0.0
Maya Garcia,tufts,A,gemini,1.0
Maya Garcia,tufts,B,gemini,1.0
Maya Garcia,tufts,C,gemini,1.0
Maya Garcia,tufts,CD,gemini,0.88
Maya Garcia,tufts,D,gemini,0.16
Maya Garcia,tufts,E,gemini,0.0
Maya Garcia,tufts,F,gemini,0.0
Maya Garcia,tufts,G,gemini,0.0
Maya Garcia,mit,A,gemini,1.0
Maya Garcia,mit,B,gemini,1.0
Maya Garcia,mit,C,gemini,0.84
Maya Garcia,mit,CD,gemini,0.12
Maya Garcia,mit,D,gemini,0.0
Maya Garcia,mit,E,gemini,0.0
Maya Garcia,mit,F,gemini,0.0
Maya Garcia,mit,G,gemini,0.0
Aisha Hussein,connecticut_college,A,gemini,1.0
Aisha Hussein,connecticut_college,B,gemini,1.0
Aisha Hussein,connecticut_college,C,gemini,1.0
Aisha Hussein,connecticut_college,CD,gemini,1.0
Aisha Hussein,connecticut_college,D,gemini,1.0
Aisha Hussein,connecticut_college,E,gemini,0.28
Aisha Hussein,connecticut_college,F,gemini,0.12
Aisha Hussein,connecticut_college,G,gemini,0.0
Aisha Hussein,tufts,A,gemini,1.0
Aisha Hussein,tufts,B,gemini,1.0
Aisha Hussein,tufts,C,gemini,1.0
Aisha Hussein,tufts,CD,gemini,1.0
Aisha Hussein,tufts,D,gemini,0.28
Aisha Hussein,tufts,E,gemini,0.0
Aisha Hussein,tufts,F,gemini,0.0
Aisha Hussein,tufts,G,gemini,0.0
Aisha Hussein,mit,A,gemini,1.0
Aisha Hussein,mit,B,gemini,1.0
Aisha Hussein,mit,C,gemini,0.72
Aisha Hussein,mit,CD,gemini,0.2
Aisha Hussein,mit,D,gemini,0.0
Aisha Hussein,mit,E,gemini,0.0
Aisha Hussein,mit,F,gemini,0.0
Aisha Hussein,mit,G,gemini,0.0
Pihu Reddy,connecticut_college,A,gemini,1.0
Pihu Reddy,connecticut_college,B,gemini,1.0
Pihu Reddy,connecticut_college,C,gemini,1.0
Pihu Reddy,connecticut_college,CD,gemini,1.0
Pihu Reddy,connecticut_college,D,gemini,0.8
Pihu Reddy,connecticut_college,E,gemini,0.4
Pihu Reddy,connecticut_college,F,gemini,0.0
Pihu Reddy,connecticut_college,G,gemini,0.0
Pihu Reddy,tufts,A,gemini,1.0
Pihu Reddy,tufts,B,gemini,1.0
Pihu Reddy,tufts,C,gemini,1.0
Pihu Reddy,tufts,CD,gemini,1.0
Pihu Reddy,tufts,D,gemini,0.16
Pihu Reddy,tufts,E,gemini,0.08
Pihu Reddy,tufts,F,gemini,0.0
Pihu Reddy,tufts,G,gemini,0.0
Pihu Reddy,mit,A,gemini,1.0
Pihu Reddy,mit,B,gemini,1.0
Pihu Reddy,mit,C,gemini,0.68
Pihu Reddy,mit,CD,gemini,0.0
Pihu Reddy,mit,D,gemini,0.0
Pihu Reddy,mit,E,gemini,0.0
Pihu Reddy,mit,F,gemini,0.0
Pihu Reddy,mit,G,gemini,0.0
Emily Johnson,connecticut_college,A,gemini,1.0
Emily Johnson,connecticut_college,B,gemini,1.0
Emily Johnson,connecticut_college,C,gemini,1.0
Emily Johnson,connecticut_college,CD,gemini,1.0
Emily Johnson,connecticut_college,D,gemini,0.96
Emily Johnson,connecticut_college,E,gemini,0.4
Emily Johnson,connecticut_college,F,gemini,0.0
Emily Johnson,connecticut_college,G,gemini,0.0
Emily Johnson,tufts,A,gemini,1.0
Emily Johnson,tufts,B,gemini,1.0
Emily Johnson,tufts,C,gemini,1.0
Emily Johnson,tufts,CD,gemini,1.0
Emily Johnson,tufts,D,gemini,0.32
Emily Johnson,tufts,E,gemini,0.0
Emily Johnson,tufts,F,gemini,0.0
Emily Johnson,tufts,G,gemini,0.0
Emily Johnson,mit,A,gemini,0.92
Emily Johnson,mit,B,gemini,0.92
Emily Johnson,mit,C,gemini,0.6
Emily Johnson,mit,CD,gemini,0.0
Emily Johnson,mit,D,gemini,0.0
Emily Johnson,mit,E,gemini,0.0
Emily Johnson,mit,F,gemini,0.0
Emily Johnson,mit,G,gemini,0.0
Amara Ndlovu,connecticut_college,A,gemini,1.0
Amara Ndlovu,connecticut_college,B,gemini,1.0
Amara Ndlovu,connecticut_college,C,gemini,1.0
Amara Ndlovu,connecticut_college,CD,gemini,1.0
Amara Ndlovu,connecticut_college,D,gemini,0.88
Amara Ndlovu,connecticut_college,E,gemini,0.2
Amara Ndlovu,connecticut_college,F,gemini,0.0
Amara Ndlovu,connecticut_college,G,gemini,0.0
Amara Ndlovu,tufts,A,gemini,1.0
Amara Ndlovu,tufts,B,gemini,1.0
Amara Ndlovu,tufts,C,gemini,1.0
Amara Ndlovu,tufts,CD,gemini,0.8
Amara Ndlovu,tufts,D,gemini,0.72
Amara Ndlovu,tufts,E,gemini,0.0
Amara Ndlovu,tufts,F,gemini,0.0
Amara Ndlovu,tufts,G,gemini,0.0
Amara Ndlovu,mit,A,gemini,1.0
Amara Ndlovu,mit,B,gemini,0.96
Amara Ndlovu,mit,C,gemini,1.0
Amara Ndlovu,mit,CD,gemini,0.12
Amara Ndlovu,mit,D,gemini,0.0
Amara Ndlovu,mit,E,gemini,0.0
Amara Ndlovu,mit,F,gemini,0.0
Amara Ndlovu,mit,G,gemini,0.0
Aaliyah Robinson,connecticut_college,A,gemini,1.0
Aaliyah Robinson,connecticut_college,B,gemini,1.0
Aaliyah Robinson,connecticut_college,C,gemini,1.0
Aaliyah Robinson,connecticut_college,CD,gemini,1.0
Aaliyah Robinson,connecticut_college,D,gemini,1.0
Aaliyah Robinson,connecticut_college,E,gemini,0.68
Aaliyah Robinson,connecticut_college,F,gemini,0.2
Aaliyah Robinson,connecticut_college,G,gemini,0.0
Aaliyah Robinson,tufts,A,gemini,1.0
Aaliyah Robinson,tufts,B,gemini,1.0
Aaliyah Robinson,tufts,C,gemini,1.0
Aaliyah Robinson,tufts,CD,gemini,0.88
Aaliyah Robinson,tufts,D,gemini,0.56
Aaliyah Robinson,tufts,E,gemini,0.08
Aaliyah Robinson,tufts,F,gemini,0.0
Aaliyah Robinson,tufts,G,gemini,0.0
Aaliyah Robinson,mit,A,gemini,1.0
Aaliyah Robinson,mit,B,gemini,0.92
Aaliyah Robinson,mit,C,gemini,1.0
Aaliyah Robinson,mit,CD,gemini,0.0
Aaliyah Robinson,mit,D,gemini,0.0
Aaliyah Robinson,mit,E,gemini,0.0
Aaliyah Robinson,mit,F,gemini,0.0
Aaliyah Robinson,mit,G,gemini,0.0
Shira Cohen,connecticut_college,A,gemini,1.0
Shira Cohen,connecticut_college,B,gemini,1.0
Shira Cohen,connecticut_college,C,gemini,1.0
Shira Cohen,connecticut_college,CD,gemini,1.0
Shira Cohen,connecticut_college,D,gemini,0.8
Shira Cohen,connecticut_college,E,gemini,0.24
Shira Cohen,connecticut_college,F,gemini,0.16
Shira Cohen,connecticut_college,G,gemini,0.0
Shira Cohen,tufts,A,gemini,1.0
Shira Cohen,tufts,B,gemini,1.0
Shira Cohen,tufts,C,gemini,1.0
Shira Cohen,tufts,CD,gemini,1.0
Shira Cohen,tufts,D,gemini,0.6
Shira Cohen,tufts,E,gemini,0.0
Shira Cohen,tufts,F,gemini,0.0
Shira Cohen,tufts,G,gemini,0.0
Shira Cohen,mit,A,gemini,1.0
Shira Cohen,mit,B,gemini,0.96
Shira Cohen,mit,C,gemini,0.16
Shira Cohen,mit,CD,gemini,0.0
Shira Cohen,mit,D,gemini,0.0
Shira Cohen,mit,E,gemini,0.0
Shira Cohen,mit,F,gemini,0.0
Shira Cohen,mit,G,gemini,0.0
Zhang Mei,connecticut_college,A,gemini,1.0
Zhang Mei,connecticut_college,B,gemini,1.0
Zhang Mei,connecticut_college,C,gemini,1.0
Zhang Mei,connecticut_college,CD,gemini,1.0
Zhang Mei,connecticut_college,D,gemini,0.72
Zhang Mei,connecticut_college,E,gemini,0.64
Zhang Mei,connecticut_college,F,gemini,0.0
Zhang Mei,connecticut_college,G,gemini,0.0
Zhang Mei,tufts,A,gemini,1.0
Zhang Mei,tufts,B,gemini,1.0
Zhang Mei,tufts,C,gemini,1.0
Zhang Mei,tufts,CD,gemini,1.0
Zhang Mei,tufts,D,gemini,0.16
Zhang Mei,tufts,E,gemini,0.0
Zhang Mei,tufts,F,gemini,0.0
Zhang Mei,tufts,G,gemini,0.0
Zhang Mei,mit,A,gemini,1.0
Zhang Mei,mit,B,gemini,0.96
Zhang Mei,mit,C,gemini,0.84
Zhang Mei,mit,CD,gemini,0.0
Zhang Mei,mit,D,gemini,0.0
Zhang Mei,mit,E,gemini,0.0
Zhang Mei,mit,F,gemini,0.0
Zhang Mei,mit,G,gemini,0.0
Juan Hernandez,connecticut_college,A,claude,1.0
Juan Hernandez,connecticut_college,B,claude,1.0
Juan Hernandez,connecticut_college,C,claude,1.0
Juan Hernandez,connecticut_college,CD,claude,0.0
Juan Hernandez,connecticut_college,D,claude,0.96
Juan Hernandez,connecticut_college,E,claude,0.08
Juan Hernandez,connecticut_college,F,claude,0.0
Juan Hernandez,connecticut_college,G,claude,0.0
Juan Hernandez,tufts,A,claude,1.0
Juan Hernandez,tufts,B,claude,1.0
Juan Hernandez,tufts,C,claude,0.64
Juan Hernandez,tufts,CD,claude,0.16
Juan Hernandez,tufts,D,claude,0.0
Juan Hernandez,tufts,E,claude,0.0
Juan Hernandez,tufts,F,claude,0.0
Juan Hernandez,tufts,G,claude,0.0
Juan Hernandez,mit,A,claude,0.0
Juan Hernandez,mit,B,claude,0.0
Juan Hernandez,mit,C,claude,0.0
Juan Hernandez,mit,CD,claude,0.0
Juan Hernandez,mit,D,claude,0.0
Juan Hernandez,mit,E,claude,0.0
Juan Hernandez,mit,F,claude,0.0
Juan Hernandez,mit,G,claude,0.0
Omar Rahman,connecticut_college,A,claude,1.0
Omar Rahman,connecticut_college,B,claude,1.0
Omar Rahman,connecticut_college,C,claude,1.0
Omar Rahman,connecticut_college,CD,claude,1.0
Omar Rahman,connecticut_college,D,claude,0.4
Omar Rahman,connecticut_college,E,claude,0.12
Omar Rahman,connecticut_college,F,claude,0.0
Omar Rahman,connecticut_college,G,claude,0.0
Omar Rahman,tufts,A,claude,1.0
Omar Rahman,tufts,B,claude,1.0
Omar Rahman,tufts,C,claude,1.0
Omar Rahman,tufts,CD,claude,0.96
Omar Rahman,tufts,D,claude,0.0
Omar Rahman,tufts,E,claude,0.0
Omar Rahman,tufts,F,claude,0.0
Omar Rahman,tufts,G,claude,0.0
Omar Rahman,mit,A,claude,0.0
Omar Rahman,mit,B,claude,0.0
Omar Rahman,mit,C,claude,0.0
Omar Rahman,mit,CD,claude,0.0
Omar Rahman,mit,D,claude,0.0
Omar Rahman,mit,E,claude,0.0
Omar Rahman,mit,F,claude,0.0
Omar Rahman,mit,G,claude,0.0
Arjun Gupta,connecticut_college,A,claude,1.0
Arjun Gupta,connecticut_college,B,claude,1.0
Arjun Gupta,connecticut_college,C,claude,1.0
Arjun Gupta,connecticut_college,CD,claude,0.92
Arjun Gupta,connecticut_college,D,claude,0.0
Arjun Gupta,connecticut_college,E,claude,0.0
Arjun Gupta,connecticut_college,F,claude,0.0
Arjun Gupta,connecticut_college,G,claude,0.0
Arjun Gupta,tufts,A,claude,1.0
Arjun Gupta,tufts,B,claude,1.0
Arjun Gupta,tufts,C,claude,1.0
Arjun Gupta,tufts,CD,claude,0.08
Arjun Gupta,tufts,D,claude,0.0
Arjun Gupta,tufts,E,claude,0.0
Arjun Gupta,tufts,F,claude,0.0
Arjun Gupta,tufts,G,claude,0.0
Arjun Gupta,mit,A,claude,0.0
Arjun Gupta,mit,B,claude,0.0
Arjun Gupta,mit,C,claude,0.0
Arjun Gupta,mit,CD,claude,0.0
Arjun Gupta,mit,D,claude,0.0
Arjun Gupta,mit,E,claude,0.0
Arjun Gupta,mit,F,claude,0.0
Arjun Gupta,mit,G,claude,0.0
William Newburry,connecticut_college,A,claude,1.0
William Newburry,connecticut_college,B,claude,1.0
William Newburry,connecticut_college,C,claude,1.0
William Newburry,connecticut_college,CD,claude,1.0
William Newburry,connecticut_college,D,claude,1.0
William Newburry,connecticut_college,E,claude,0.08
William Newburry,connecticut_college,F,claude,0.0
William Newburry,connecticut_college,G,claude,0.0
William Newburry,tufts,A,claude,1.0
William Newburry,tufts,B,claude,1.0
William Newburry,tufts,C,claude,1.0
William Newburry,tufts,CD,claude,0.96
William Newburry,tufts,D,claude,0.2
William Newburry,tufts,E,claude,0.0
William Newburry,tufts,F,claude,0.0
William Newburry,tufts,G,claude,0.0
William Newburry,mit,A,claude,0.0
William Newburry,mit,B,claude,0.0
William Newburry,mit,C,claude,0.0
William Newburry,mit,CD,claude,0.0
William Newburry,mit,D,claude,0.0
William Newburry,mit,E,claude,0.0
William Newburry,mit,F,claude,0.0
William Newburry,mit,G,claude,0.0
Chinedu Khumalo,connecticut_college,A,claude,1.0
Chinedu Khumalo,connecticut_college,B,claude,1.0
Chinedu Khumalo,connecticut_college,C,claude,1.0
Chinedu Khumalo,connecticut_college,CD,claude,1.0
Chinedu Khumalo,connecticut_college,D,claude,0.24
Chinedu Khumalo,connecticut_college,E,claude,0.0
Chinedu Khumalo,connecticut_college,F,claude,0.0
Chinedu Khumalo,connecticut_college,G,claude,0.0
Chinedu Khumalo,tufts,A,claude,1.0
Chinedu Khumalo,tufts,B,claude,1.0
Chinedu Khumalo,tufts,C,claude,1.0
Chinedu Khumalo,tufts,CD,claude,0.36
Chinedu Khumalo,tufts,D,claude,0.0
Chinedu Khumalo,tufts,E,claude,0.0
Chinedu Khumalo,tufts,F,claude,0.0
Chinedu Khumalo,tufts,G,claude,0.0
Chinedu Khumalo,mit,A,claude,0.0
Chinedu Khumalo,mit,B,claude,0.0
Chinedu Khumalo,mit,C,claude,0.0
Chinedu Khumalo,mit,CD,claude,0.0
Chinedu Khumalo,mit,D,claude,0.0
Chinedu Khumalo,mit,E,claude,0.0
Chinedu Khumalo,mit,F,claude,0.0
Chinedu Khumalo,mit,G,claude,0.0
Darnell Washington,connecticut_college,A,claude,1.0
Darnell Washington,connecticut_college,B,claude,1.0
Darnell Washington,connecticut_college,C,claude,1.0
Darnell Washington,connecticut_college,CD,claude,1.0
Darnell Washington,connecticut_college,D,claude,1.0
Darnell Washington,connecticut_college,E,claude,0.16
Darnell Washington,connecticut_college,F,claude,0.0
Darnell Washington,connecticut_college,G,claude,0.0
Darnell Washington,tufts,A,claude,1.0
Darnell Washington,tufts,B,claude,1.0
Darnell Washington,tufts,C,claude,1.0
Darnell Washington,tufts,CD,claude,1.0
Darnell Washington,tufts,D,claude,0.68
Darnell Washington,tufts,E,claude,0.0
Darnell Washington,tufts,F,claude,0.0
Darnell Washington,tufts,G,claude,0.0
Darnell Washington,mit,A,claude,0.0
Darnell Washington,mit,B,claude,0.0
Darnell Washington,mit,C,claude,0.0
Darnell Washington,mit,CD,claude,0.0
Darnell Washington,mit,D,claude,0.0
Darnell Washington,mit,E,claude,0.0
Darnell Washington,mit,F,claude,0.0
Darnell Washington,mit,G,claude,0.0
Noam Biton,connecticut_college,A,claude,1.0
Noam Biton,connecticut_college,B,claude,0.52
Noam Biton,connecticut_college,C,claude,0.88
Noam Biton,connecticut_college,CD,claude,0.12
Noam Biton,connecticut_college,D,claude,0.28
Noam Biton,connecticut_college,E,claude,0.0
Noam Biton,connecticut_college,F,claude,0.0
Noam Biton,connecticut_college,G,claude,0.0
Noam Biton,tufts,A,claude,1.0
Noam Biton,tufts,B,claude,1.0
Noam Biton,tufts,C,claude,1.0
Noam Biton,tufts,CD,claude,0.16
Noam Biton,tufts,D,claude,0.0
Noam Biton,tufts,E,claude,0.0
Noam Biton,tufts,F,claude,0.0
Noam Biton,tufts,G,claude,0.0
Noam Biton,mit,A,claude,0.0
Noam Biton,mit,B,claude,0.0
Noam Biton,mit,C,claude,0.0
Noam Biton,mit,CD,claude,0.0
Noam Biton,mit,D,claude,0.0
Noam Biton,mit,E,claude,0.0
Noam Biton,mit,F,claude,0.0
Noam Biton,mit,G,claude,0.0
Wei Li,connecticut_college,A,claude,1.0
Wei Li,connecticut_college,B,claude,1.0
Wei Li,connecticut_college,C,claude,1.0
Wei Li,connecticut_college,CD,claude,1.0
Wei Li,connecticut_college,D,claude,1.0
Wei Li,connecticut_college,E,claude,0.0
Wei Li,connecticut_college,F,claude,0.0
Wei Li,connecticut_college,G,claude,0.0
Wei Li,tufts,A,claude,1.0
Wei Li,tufts,B,claude,1.0
Wei Li,tufts,C,claude,1.0
Wei Li,tufts,CD,claude,0.68
Wei Li,tufts,D,claude,0.0
Wei Li,tufts,E,claude,0.0
Wei Li,tufts,F,claude,0.0
Wei Li,tufts,G,claude,0.0
Wei Li,mit,A,claude,0.0
Wei Li,mit,B,claude,0.0
Wei Li,mit,C,claude,0.0
Wei Li,mit,CD,claude,0.0
Wei Li,mit,D,claude,0.0
Wei Li,mit,E,claude,0.0
Wei Li,mit,F,claude,0.0
Wei Li,mit,G,claude,0.0
Juan Rodriguez,connecticut_college,A,claude,1.0
Juan Rodriguez,connecticut_college,B,claude,1.0
Juan Rodriguez,connecticut_college,C,claude,1.0
Juan Rodriguez,connecticut_college,CD,claude,1.0
Juan Rodriguez,connecticut_college,D,claude,1.0
Juan Rodriguez,connecticut_college,E,claude,0.0
Juan Rodriguez,connecticut_college,F,claude,0.0
Juan Rodriguez,connecticut_college,G,claude,0.0
Juan Rodriguez,tufts,A,claude,1.0
Juan Rodriguez,tufts,B,claude,1.0
Juan Rodriguez,tufts,C,claude,0.84
Juan Rodriguez,tufts,CD,claude,0.0
Juan Rodriguez,tufts,D,claude,0.0
Juan Rodriguez,tufts,E,claude,0.0
Juan Rodriguez,tufts,F,claude,0.0
Juan Rodriguez,tufts,G,claude,0.0
Juan Rodriguez,mit,A,claude,0.0
Juan Rodriguez,mit,B,claude,0.0
Juan Rodriguez,mit,C,claude,0.0
Juan Rodriguez,mit,CD,claude,0.0
Juan Rodriguez,mit,D,claude,0.0
Juan Rodriguez,mit,E,claude,0.0
Juan Rodriguez,mit,F,claude,0.0
Juan Rodriguez,mit,G,claude,0.0
Muhammad Hussein,connecticut_college,A,claude,1.0
Muhammad Hussein,connecticut_college,B,claude,1.0
Muhammad Hussein,connecticut_college,C,claude,1.0
Muhammad Hussein,connecticut_college,CD,claude,1.0
Muhammad Hussein,connecticut_college,D,claude,1.0
Muhammad Hussein,connecticut_college,E,claude,0.08
Muhammad Hussein,connecticut_college,F,claude,0.0
Muhammad Hussein,connecticut_college,G,claude,0.0
Muhammad Hussein,tufts,A,claude,1.0
Muhammad Hussein,tufts,B,claude,1.0
Muhammad Hussein,tufts,C,claude,0.76
Muhammad Hussein,tufts,CD,claude,1.0
Muhammad Hussein,tufts,D,claude,0.0
Muhammad Hussein,tufts,E,claude,0.0
Muhammad Hussein,tufts,F,claude,0.0
Muhammad Hussein,tufts,G,claude,0.0
Muhammad Hussein,mit,A,claude,0.0
Muhammad Hussein,mit,B,claude,0.0
Muhammad Hussein,mit,C,claude,0.0
Muhammad Hussein,mit,CD,claude,0.0
Muhammad Hussein,mit,D,claude,0.0
Muhammad Hussein,mit,E,claude,0.0
Muhammad Hussein,mit,F,claude,0.0
Muhammad Hussein,mit,G,claude,0.0
Aarav Sharma,connecticut_college,A,claude,1.0
Aarav Sharma,connecticut_college,B,claude,1.0
Aarav Sharma,connecticut_college,C,claude,1.0
Aarav Sharma,connecticut_college,CD,claude,1.0
Aarav Sharma,connecticut_college,D,claude,0.2
Aarav Sharma,connecticut_college,E,claude,0.0
Aarav Sharma,connecticut_college,F,claude,0.0
Aarav Sharma,connecticut_college,G,claude,0.0
Aarav Sharma,tufts,A,claude,1.0
Aarav Sharma,tufts,B,claude,1.0
Aarav Sharma,tufts,C,claude,1.0
Aarav Sharma,tufts,CD,claude,0.36
Aarav Sharma,tufts,D,claude,0.0
Aarav Sharma,tufts,E,claude,0.0
Aarav Sharma,tufts,F,claude,0.0
Aarav Sharma,tufts,G,claude,0.0
Aarav Sharma,mit,A,claude,0.0
Aarav Sharma,mit,B,claude,0.0
Aarav Sharma,mit,C,claude,0.0
Aarav Sharma,mit,CD,claude,0.0
Aarav Sharma,mit,D,claude,0.0
Aarav Sharma,mit,E,claude,0.0
Aarav Sharma,mit,F,claude,0.0
Aarav Sharma,mit,G,claude,0.0
Phillip Johnson,connecticut_college,A,claude,1.0
Phillip Johnson,connecticut_college,B,claude,1.0
Phillip Johnson,connecticut_college,C,claude,1.0
Phillip Johnson,connecticut_college,CD,claude,1.0
Phillip Johnson,connecticut_college,D,claude,0.84
Phillip Johnson,connecticut_college,E,claude,0.12
Phillip Johnson,connecticut_college,F,claude,0.0
Phillip Johnson,connecticut_college,G,claude,0.0
Phillip Johnson,tufts,A,claude,1.0
Phillip Johnson,tufts,B,claude,1.0
Phillip Johnson,tufts,C,claude,0.88
Phillip Johnson,tufts,CD,claude,0.68
Phillip Johnson,tufts,D,claude,0.0
Phillip Johnson,tufts,E,claude,0.0
Phillip Johnson,tufts,F,claude,0.0
Phillip Johnson,tufts,G,claude,0.0
Phillip Johnson,mit,A,claude,0.0
Phillip Johnson,mit,B,claude,0.0
Phillip Johnson,mit,C,claude,0.0
Phillip Johnson,mit,CD,claude,0.0
Phillip Johnson,mit,D,claude,0.0
Phillip Johnson,mit,E,claude,0.0
Phillip Johnson,mit,F,claude,0.0
Phillip Johnson,mit,G,claude,0.0
Ayo Khumalo,connecticut_college,A,claude,1.0
Ayo Khumalo,connecticut_college,B,claude,1.0
Ayo Khumalo,connecticut_college,C,claude,1.0
Ayo Khumalo,connecticut_college,CD,claude,1.0
Ayo Khumalo,connecticut_college,D,claude,1.0
Ayo Khumalo,connecticut_college,E,claude,0.0
Ayo Khumalo,connecticut_college,F,claude,0.0
Ayo Khumalo,connecticut_college,G,claude,0.0
Ayo Khumalo,tufts,A,claude,1.0
Ayo Khumalo,tufts,B,claude,1.0
Ayo Khumalo,tufts,C,claude,1.0
Ayo Khumalo,tufts,CD,claude,0.96
Ayo Khumalo,tufts,D,claude,0.04
Ayo Khumalo,tufts,E,claude,0.0
Ayo Khumalo,tufts,F,claude,0.0
Ayo Khumalo,tufts,G,claude,0.0
Ayo Khumalo,mit,A,claude,0.0
Ayo Khumalo,mit,B,claude,0.0
Ayo Khumalo,mit,C,claude,0.0
Ayo Khumalo,mit,CD,claude,0.0
Ayo Khumalo,mit,D,claude,0.0
Ayo Khumalo,mit,E,claude,0.0
Ayo Khumalo,mit,F,claude,0.0
Ayo Khumalo,mit,G,claude,0.0
Jamal Jackson,connecticut_college,A,claude,1.0
Jamal Jackson,connecticut_college,B,claude,1.0
Jamal Jackson,connecticut_college,C,claude,1.0
Jamal Jackson,connecticut_college,CD,claude,1.0
Jamal Jackson,connecticut_college,D,claude,1.0
Jamal Jackson,connecticut_college,E,claude,0.0
Jamal Jackson,connecticut_college,F,claude,0.0
Jamal Jackson,connecticut_college,G,claude,0.0
Jamal Jackson,tufts,A,claude,1.0
Jamal Jackson,tufts,B,claude,1.0
Jamal Jackson,tufts,C,claude,1.0
Jamal Jackson,tufts,CD,claude,1.0
Jamal Jackson,tufts,D,claude,0.04
Jamal Jackson,tufts,E,claude,0.0
Jamal Jackson,tufts,F,claude,0.0
Jamal Jackson,tufts,G,claude,0.0
Jamal Jackson,mit,A,claude,0.0
Jamal Jackson,mit,B,claude,0.0
Jamal Jackson,mit,C,claude,0.0
Jamal Jackson,mit,CD,claude,0.0
Jamal Jackson,mit,D,claude,0.0
Jamal Jackson,mit,E,claude,0.0
Jamal Jackson,mit,F,claude,0.0
Jamal Jackson,mit,G,claude,0.0
Ariel Peretz,connecticut_college,A,claude,1.0
Ariel Peretz,connecticut_college,B,claude,1.0
Ariel Peretz,connecticut_college,C,claude,1.0
Ariel Peretz,connecticut_college,CD,claude,1.0
Ariel Peretz,connecticut_college,D,claude,1.0
Ariel Peretz,connecticut_college,E,claude,0.0
Ariel Peretz,connecticut_college,F,claude,0.0
Ariel Peretz,connecticut_college,G,claude,0.0
Ariel Peretz,tufts,A,claude,1.0
Ariel Peretz,tufts,B,claude,1.0
Ariel Peretz,tufts,C,claude,1.0
Ariel Peretz,tufts,CD,claude,1.0
Ariel Peretz,tufts,D,claude,0.0
Ariel Peretz,tufts,E,claude,0.0
Ariel Peretz,tufts,F,claude,0.0
Ariel Peretz,tufts,G,claude,0.0
Ariel Peretz,mit,A,claude,0.0
Ariel Peretz,mit,B,claude,0.0
Ariel Peretz,mit,C,claude,0.0
Ariel Peretz,mit,CD,claude,0.0
Ariel Peretz,mit,D,claude,0.0
Ariel Peretz,mit,E,claude,0.0
Ariel Peretz,mit,F,claude,0.0
Ariel Peretz,mit,G,claude,0.0
Chen Wei,connecticut_college,A,claude,1.0
Chen Wei,connecticut_college,B,claude,1.0
Chen Wei,connecticut_college,C,claude,1.0
Chen Wei,connecticut_college,CD,claude,1.0
Chen Wei,connecticut_college,D,claude,0.96
Chen Wei,connecticut_college,E,claude,0.0
Chen Wei,connecticut_college,F,claude,0.0
Chen Wei,connecticut_college,G,claude,0.0
Chen Wei,tufts,A,claude,1.0
Chen Wei,tufts,B,claude,1.0
Chen Wei,tufts,C,claude,0.88
Chen Wei,tufts,CD,claude,0.6
Chen Wei,tufts,D,claude,0.0
Chen Wei,tufts,E,claude,0.0
Chen Wei,tufts,F,claude,0.0
Chen Wei,tufts,G,claude,0.0
Chen Wei,mit,A,claude,0.0
Chen Wei,mit,B,claude,0.0
Chen Wei,mit,C,claude,0.0
Chen Wei,mit,CD,claude,0.0
Chen Wei,mit,D,claude,0.0
Chen Wei,mit,E,claude,0.0
Chen Wei,mit,F,claude,0.0
Chen Wei,mit,G,claude,0.0
Camila Martinez,connecticut_college,A,claude,1.0
Camila Martinez,connecticut_college,B,claude,1.0
Camila Martinez,connecticut_college,C,claude,1.0
Camila Martinez,connecticut_college,CD,claude,1.0
Camila Martinez,connecticut_college,D,claude,0.96
Camila Martinez,connecticut_college,E,claude,0.28
Camila Martinez,connecticut_college,F,claude,0.0
Camila Martinez,connecticut_college,G,claude,0.0
Camila Martinez,tufts,A,claude,1.0
Camila Martinez,tufts,B,claude,1.0
Camila Martinez,tufts,C,claude,1.0
Camila Martinez,tufts,CD,claude,0.92
Camila Martinez,tufts,D,claude,0.2
Camila Martinez,tufts,E,claude,0.0
Camila Martinez,tufts,F,claude,0.0
Camila Martinez,tufts,G,claude,0.0
Camila Martinez,mit,A,claude,0.0
Camila Martinez,mit,B,claude,0.0
Camila Martinez,mit,C,claude,0.0
Camila Martinez,mit,CD,claude,0.0
Camila Martinez,mit,D,claude,0.0
Camila Martinez,mit,E,claude,0.0
Camila Martinez,mit,F,claude,0.0
Camila Martinez,mit,G,claude,0.0
Fatima Rahman,connecticut_college,A,claude,1.0
Fatima Rahman,connecticut_college,B,claude,1.0
Fatima Rahman,connecticut_college,C,claude,1.0
Fatima Rahman,connecticut_college,CD,claude,1.0
Fatima Rahman,connecticut_college,D,claude,0.16
Fatima Rahman,connecticut_college,E,claude,0.0
Fatima Rahman,connecticut_college,F,claude,0.0
Fatima Rahman,connecticut_college,G,claude,0.0
Fatima Rahman,tufts,A,claude,1.0
Fatima Rahman,tufts,B,claude,1.0
Fatima Rahman,tufts,C,claude,1.0
Fatima Rahman,tufts,CD,claude,1.0
Fatima Rahman,tufts,D,claude,0.0
Fatima Rahman,tufts,E,claude,0.0
Fatima Rahman,tufts,F,claude,0.0
Fatima Rahman,tufts,G,claude,0.0
Fatima Rahman,mit,A,claude,0.0
Fatima Rahman,mit,B,claude,0.0
Fatima Rahman,mit,C,claude,0.0
Fatima Rahman,mit,CD,claude,0.0
Fatima Rahman,mit,D,claude,0.0
Fatima Rahman,mit,E,claude,0.0
Fatima Rahman,mit,F,claude,0.0
Fatima Rahman,mit,G,claude,0.0
Pihu Patel,connecticut_college,A,claude,1.0
Pihu Patel,connecticut_college,B,claude,1.0
Pihu Patel,connecticut_college,C,claude,1.0
Pihu Patel,connecticut_college,CD,claude,0.88
Pihu Patel,connecticut_college,D,claude,0.84
Pihu Patel,connecticut_college,E,claude,0.0
Pihu Patel,connecticut_college,F,claude,0.0
Pihu Patel,connecticut_college,G,claude,0.0
Pihu Patel,tufts,A,claude,1.0
Pihu Patel,tufts,B,claude,1.0
Pihu Patel,tufts,C,claude,1.0
Pihu Patel,tufts,CD,claude,0.84
Pihu Patel,tufts,D,claude,0.0
Pihu Patel,tufts,E,claude,0.0
Pihu Patel,tufts,F,claude,0.0
Pihu Patel,tufts,G,claude,0.0
Pihu Patel,mit,A,claude,0.0
Pihu Patel,mit,B,claude,0.0
Pihu Patel,mit,C,claude,0.0
Pihu Patel,mit,CD,claude,0.0
Pihu Patel,mit,D,claude,0.0
Pihu Patel,mit,E,claude,0.0
Pihu Patel,mit,F,claude,0.0
Pihu Patel,mit,G,claude,0.0
Phillipa Brown,connecticut_college,A,claude,1.0
Phillipa Brown,connecticut_college,B,claude,1.0
Phillipa Brown,connecticut_college,C,claude,1.0
Phillipa Brown,connecticut_college,CD,claude,1.0
Phillipa Brown,connecticut_college,D,claude,1.0
Phillipa Brown,connecticut_college,E,claude,0.0
Phillipa Brown,connecticut_college,F,claude,0.0
Phillipa Brown,connecticut_college,G,claude,0.0
Phillipa Brown,tufts,A,claude,1.0
Phillipa Brown,tufts,B,claude,1.0
Phillipa Brown,tufts,C,claude,1.0
Phillipa Brown,tufts,CD,claude,0.92
Phillipa Brown,tufts,D,claude,0.36
Phillipa Brown,tufts,E,claude,0.0
Phillipa Brown,tufts,F,claude,0.0
Phillipa Brown,tufts,G,claude,0.0
Phillipa Brown,mit,A,claude,0.0
Phillipa Brown,mit,B,claude,0.0
Phillipa Brown,mit,C,claude,0.0
Phillipa Brown,mit,CD,claude,0.0
Phillipa Brown,mit,D,claude,0.0
Phillipa Brown,mit,E,claude,0.0
Phillipa Brown,mit,F,claude,0.0
Phillipa Brown,mit,G,claude,0.0
Amara Mensah,connecticut_college,A,claude,1.0
Amara Mensah,connecticut_college,B,claude,1.0
Amara Mensah,connecticut_college,C,claude,1.0
Amara Mensah,connecticut_college,CD,claude,1.0
Amara Mensah,connecticut_college,D,claude,1.0
Amara Mensah,connecticut_college,E,claude,0.08
Amara Mensah,connecticut_college,F,claude,0.0
Amara Mensah,connecticut_college,G,claude,0.0
Amara Mensah,tufts,A,claude,1.0
Amara Mensah,tufts,B,claude,1.0
Amara Mensah,tufts,C,claude,1.0
Amara Mensah,tufts,CD,claude,0.92
Amara Mensah,tufts,D,claude,0.0
Amara Mensah,tufts,E,claude,0.0
Amara Mensah,tufts,F,claude,0.0
Amara Mensah,tufts,G,claude,0.0
Amara Mensah,mit,A,claude,0.0
Amara Mensah,mit,B,claude,0.0
Amara Mensah,mit,C,claude,0.0
Amara Mensah,mit,CD,claude,0.0
Amara Mensah,mit,D,claude,0.0
Amara Mensah,mit,E,claude,0.0
Amara Mensah,mit,F,claude,0.0
Amara Mensah,mit,G,claude,0.0
Latoya Washington,connecticut_college,A,claude,1.0
Latoya Washington,connecticut_college,B,claude,1.0
Latoya Washington,connecticut_college,C,claude,1.0
Latoya Washington,connecticut_college,CD,claude,1.0
Latoya Washington,connecticut_college,D,claude,1.0
Latoya Washington,connecticut_college,E,claude,0.52
Latoya Washington,connecticut_college,F,claude,0.0
Latoya Washington,connecticut_college,G,claude,0.0
Latoya Washington,tufts,A,claude,1.0
Latoya Washington,tufts,B,claude,1.0
Latoya Washington,tufts,C,claude,1.0
Latoya Washington,tufts,CD,claude,1.0
Latoya Washington,tufts,D,claude,0.6
Latoya Washington,tufts,E,claude,0.0
Latoya Washington,tufts,F,claude,0.0
Latoya Washington,tufts,G,claude,0.0
Latoya Washington,mit,A,claude,0.0
Latoya Washington,mit,B,claude,0.0
Latoya Washington,mit,C,claude,0.0
Latoya Washington,mit,CD,claude,0.0
Latoya Washington,mit,D,claude,0.0
Latoya Washington,mit,E,claude,0.0
Latoya Washington,mit,F,claude,0.0
Latoya Washington,mit,G,claude,0.0
Shira Peretz,connecticut_college,A,claude,1.0
Shira Peretz,connecticut_college,B,claude,1.0
Shira Peretz,connecticut_college,C,claude,1.0
Shira Peretz,connecticut_college,CD,claude,0.96
Shira Peretz,connecticut_college,D,claude,0.44
Shira Peretz,connecticut_college,E,claude,0.12
Shira Peretz,connecticut_college,F,claude,0.0
Shira Peretz,connecticut_college,G,claude,0.0
Shira Peretz,tufts,A,claude,1.0
Shira Peretz,tufts,B,claude,1.0
Shira Peretz,tufts,C,claude,0.92
Shira Peretz,tufts,CD,claude,0.96
Shira Peretz,tufts,D,claude,0.48
Shira Peretz,tufts,E,claude,0.0
Shira Peretz,tufts,F,claude,0.0
Shira Peretz,tufts,G,claude,0.0
Shira Peretz,mit,A,claude,0.0
Shira Peretz,mit,B,claude,0.0
Shira Peretz,mit,C,claude,0.0
Shira Peretz,mit,CD,claude,0.0
Shira Peretz,mit,D,claude,0.0
Shira Peretz,mit,E,claude,0.0
Shira Peretz,mit,F,claude,0.0
Shira Peretz,mit,G,claude,0.0
Wei Yang,connecticut_college,A,claude,1.0
Wei Yang,connecticut_college,B,claude,1.0
Wei Yang,connecticut_college,C,claude,1.0
Wei Yang,connecticut_college,CD,claude,1.0
Wei Yang,connecticut_college,D,claude,0.96
Wei Yang,connecticut_college,E,claude,0.0
Wei Yang,connecticut_college,F,claude,0.0
Wei Yang,connecticut_college,G,claude,0.0
Wei Yang,tufts,A,claude,1.0
Wei Yang,tufts,B,claude,1.0
Wei Yang,tufts,C,claude,1.0
Wei Yang,tufts,CD,claude,0.88
Wei Yang,tufts,D,claude,0.0
Wei Yang,tufts,E,claude,0.0
Wei Yang,tufts,F,claude,0.0
Wei Yang,tufts,G,claude,0.0
Wei Yang,mit,A,claude,0.0
Wei Yang,mit,B,claude,0.0
Wei Yang,mit,C,claude,0.0
Wei Yang,mit,CD,claude,0.0
Wei Yang,mit,D,claude,0.0
Wei Yang,mit,E,claude,0.0
Wei Yang,mit,F,claude,0.0
Wei Yang,mit,G,claude,0.0
Maya Garcia,connecticut_college,A,claude,1.0
Maya Garcia,connecticut_college,B,claude,1.0
Maya Garcia,connecticut_college,C,claude,1.0
Maya Garcia,connecticut_college,CD,claude,0.96
Maya Garcia,connecticut_college,D,claude,1.0
Maya Garcia,connecticut_college,E,claude,0.04
Maya Garcia,connecticut_college,F,claude,0.0
Maya Garcia,connecticut_college,G,claude,0.0
Maya Garcia,tufts,A,claude,1.0
Maya Garcia,tufts,B,claude,1.0
Maya Garcia,tufts,C,claude,1.0
Maya Garcia,tufts,CD,claude,1.0
Maya Garcia,tufts,D,claude,0.0
Maya Garcia,tufts,E,claude,0.0
Maya Garcia,tufts,F,claude,0.0
Maya Garcia,tufts,G,claude,0.0
Maya Garcia,mit,A,claude,0.0
Maya Garcia,mit,B,claude,0.0
Maya Garcia,mit,C,claude,0.0
Maya Garcia,mit,CD,claude,0.0
Maya Garcia,mit,D,claude,0.0
Maya Garcia,mit,E,claude,0.0
Maya Garcia,mit,F,claude,0.0
Maya Garcia,mit,G,claude,0.0
Aisha Hussein,connecticut_college,A,claude,1.0
Aisha Hussein,connecticut_college,B,claude,1.0
Aisha Hussein,connecticut_college,C,claude,1.0
Aisha Hussein,connecticut_college,CD,claude,1.0
Aisha Hussein,connecticut_college,D,claude,0.88
Aisha Hussein,connecticut_college,E,claude,0.04
Aisha Hussein,connecticut_college,F,claude,0.0
Aisha Hussein,connecticut_college,G,claude,0.0
Aisha Hussein,tufts,A,claude,1.0
Aisha Hussein,tufts,B,claude,1.0
Aisha Hussein,tufts,C,claude,1.0
Aisha Hussein,tufts,CD,claude,0.92
Aisha Hussein,tufts,D,claude,0.0
Aisha Hussein,tufts,E,claude,0.0
Aisha Hussein,tufts,F,claude,0.0
Aisha Hussein,tufts,G,claude,0.0
Aisha Hussein,mit,A,claude,0.0
Aisha Hussein,mit,B,claude,0.0
Aisha Hussein,mit,C,claude,0.0
Aisha Hussein,mit,CD,claude,0.0
Aisha Hussein,mit,D,claude,0.0
Aisha Hussein,mit,E,claude,0.0
Aisha Hussein,mit,F,claude,0.0
Aisha Hussein,mit,G,claude,0.0
Pihu Reddy,connecticut_college,A,claude,1.0
Pihu Reddy,connecticut_college,B,claude,1.0
Pihu Reddy,connecticut_college,C,claude,1.0
Pihu Reddy,connecticut_college,CD,claude,0.68
Pihu Reddy,connecticut_college,D,claude,0.0
Pihu Reddy,connecticut_college,E,claude,0.0
Pihu Reddy,connecticut_college,F,claude,0.0
Pihu Reddy,connecticut_college,G,claude,0.0
Pihu Reddy,tufts,A,claude,1.0
Pihu Reddy,tufts,B,claude,1.0
Pihu Reddy,tufts,C,claude,1.0
Pihu Reddy,tufts,CD,claude,0.2
Pihu Reddy,tufts,D,claude,0.0
Pihu Reddy,tufts,E,claude,0.0
Pihu Reddy,tufts,F,claude,0.0
Pihu Reddy,tufts,G,claude,0.0
Pihu Reddy,mit,A,claude,0.0
Pihu Reddy,mit,B,claude,0.0
Pihu Reddy,mit,C,claude,0.0
Pihu Reddy,mit,CD,claude,0.0
Pihu Reddy,mit,D,claude,0.0
Pihu Reddy,mit,E,claude,0.0
Pihu Reddy,mit,F,claude,0.0
Pihu Reddy,mit,G,claude,0.0
Emily Johnson,connecticut_college,A,claude,1.0
Emily Johnson,connecticut_college,B,claude,1.0
Emily Johnson,connecticut_college,C,claude,1.0
Emily Johnson,connecticut_college,CD,claude,1.0
Emily Johnson,connecticut_college,D,claude,1.0
Emily Johnson,connecticut_college,E,claude,0.0
Emily Johnson,connecticut_college,F,claude,0.0
Emily Johnson,connecticut_college,G,claude,0.0
Emily Johnson,tufts,A,claude,1.0
Emily Johnson,tufts,B,claude,1.0
Emily Johnson,tufts,C,claude,1.0
Emily Johnson,tufts,CD,claude,0.72
Emily Johnson,tufts,D,claude,0.0
Emily Johnson,tufts,E,claude,0.0
Emily Johnson,tufts,F,claude,0.0
Emily Johnson,tufts,G,claude,0.0
Emily Johnson,mit,A,claude,0.0
Emily Johnson,mit,B,claude,0.0
Emily Johnson,mit,C,claude,0.0
Emily Johnson,mit,CD,claude,0.0
Emily Johnson,mit,D,claude,0.0
Emily Johnson,mit,E,claude,0.0
Emily Johnson,mit,F,claude,0.0
Emily Johnson,mit,G,claude,0.0
Amara Ndlovu,connecticut_college,A,claude,1.0
Amara Ndlovu,connecticut_college,B,claude,1.0
Amara Ndlovu,connecticut_college,C,claude,1.0
Amara Ndlovu,connecticut_college,CD,claude,1.0
Amara Ndlovu,connecticut_college,D,claude,1.0
Amara Ndlovu,connecticut_college,E,claude,0.28
Amara Ndlovu,connecticut_college,F,claude,0.0
Amara Ndlovu,connecticut_college,G,claude,0.0
Amara Ndlovu,tufts,A,claude,1.0
Amara Ndlovu,tufts,B,claude,1.0
Amara Ndlovu,tufts,C,claude,1.0
Amara Ndlovu,tufts,CD,claude,0.36
Amara Ndlovu,tufts,D,claude,0.0
Amara Ndlovu,tufts,E,claude,0.0
Amara Ndlovu,tufts,F,claude,0.0
Amara Ndlovu,tufts,G,claude,0.0
Amara Ndlovu,mit,A,claude,0.0
Amara Ndlovu,mit,B,claude,0.0
Amara Ndlovu,mit,C,claude,0.0
Amara Ndlovu,mit,CD,claude,0.0
Amara Ndlovu,mit,D,claude,0.0
Amara Ndlovu,mit,E,claude,0.0
Amara Ndlovu,mit,F,claude,0.0
Amara Ndlovu,mit,G,claude,0.0
Aaliyah Robinson,connecticut_college,A,claude,1.0
Aaliyah Robinson,connecticut_college,B,claude,1.0
Aaliyah Robinson,connecticut_college,C,claude,1.0
Aaliyah Robinson,connecticut_college,CD,claude,1.0
Aaliyah Robinson,connecticut_college,D,claude,1.0
Aaliyah Robinson,connecticut_college,E,claude,0.2
Aaliyah Robinson,connecticut_college,F,claude,0.0
Aaliyah Robinson,connecticut_college,G,claude,0.0
Aaliyah Robinson,tufts,A,claude,1.0
Aaliyah Robinson,tufts,B,claude,1.0
Aaliyah Robinson,tufts,C,claude,1.0
Aaliyah Robinson,tufts,CD,claude,0.96
Aaliyah Robinson,tufts,D,claude,0.72
Aaliyah Robinson,tufts,E,claude,0.0
Aaliyah Robinson,tufts,F,claude,0.0
Aaliyah Robinson,tufts,G,claude,0.0
Aaliyah Robinson,mit,A,claude,0.0
Aaliyah Robinson,mit,B,claude,0.0
Aaliyah Robinson,mit,C,claude,0.0
Aaliyah Robinson,mit,CD,claude,0.0
Aaliyah Robinson,mit,D,claude,0.0
Aaliyah Robinson,mit,E,claude,0.0
Aaliyah Robinson,mit,F,claude,0.0
Aaliyah Robinson,mit,G,claude,0.0
Shira Cohen,connecticut_college,A,claude,1.0
Shira Cohen,connecticut_college,B,claude,1.0
Shira Cohen,connecticut_college,C,claude,1.0
Shira Cohen,connecticut_college,CD,claude,1.0
Shira Cohen,connecticut_college,D,claude,0.52
Shira Cohen,connecticut_college,E,claude,0.32
Shira Cohen,connecticut_college,F,claude,0.0
Shira Cohen,connecticut_college,G,claude,0.0
Shira Cohen,tufts,A,claude,1.0
Shira Cohen,tufts,B,claude,1.0
Shira Cohen,tufts,C,claude,1.0
Shira Cohen,tufts,CD,claude,1.0
Shira Cohen,tufts,D,claude,0.0
Shira Cohen,tufts,E,claude,0.0
Shira Cohen,tufts,F,claude,0.0
Shira Cohen,tufts,G,claude,0.0
Shira Cohen,mit,A,claude,0.0
Shira Cohen,mit,B,claude,0.0
Shira Cohen,mit,C,claude,0.0
Shira Cohen,mit,CD,claude,0.0
Shira Cohen,mit,D,claude,0.0
Shira Cohen,mit,E,claude,0.0
Shira Cohen,mit,F,claude,0.0
Shira Cohen,mit,G,claude,0.0
Zhang Mei,connecticut_college,A,claude,1.0
Zhang Mei,connecticut_college,B,claude,1.0
Zhang Mei,connecticut_college,C,claude,1.0
Zhang Mei,connecticut_college,CD,claude,1.0
Zhang Mei,connecticut_college,D,claude,1.0
Zhang Mei,connecticut_college,E,claude,0.0
Zhang Mei,connecticut_college,F,claude,0.0
Zhang Mei,connecticut_college,G,claude,0.0
Zhang Mei,tufts,A,claude,1.0
Zhang Mei,tufts,B,claude,1.0
Zhang Mei,tufts,C,claude,0.68
Zhang Mei,tufts,CD,claude,0.6
Zhang Mei,tufts,D,claude,0.0
Zhang Mei,tufts,E,claude,0.0
Zhang Mei,tufts,F,claude,0.0
Zhang Mei,tufts,G,claude,0.0
Zhang Mei,mit,A,claude,0.0
Zhang Mei,mit,B,claude,0.0
Zhang Mei,mit,C,claude,0.0
Zhang Mei,mit,CD,claude,0.0
Zhang Mei,mit,D,claude,0.0
Zhang Mei,mit,E,claude,0.0
Zhang Mei,mit,F,claude,0.0
Zhang Mei,mit,G,claude,0.0
Juan Hernandez,connecticut_college,A,deepseek,1.0
Juan Hernandez,connecticut_college,A,grok,1.0
Juan Hernandez,connecticut_college,B,grok,1.0
Juan Hernandez,connecticut_college,B,deepseek,1.0
Juan Hernandez,connecticut_college,C,grok,1.0
Juan Hernandez,connecticut_college,C,deepseek,1.0
Juan Hernandez,connecticut_college,CD,deepseek,1.0
Juan Hernandez,connecticut_college,CD,grok,1.0
Juan Hernandez,connecticut_college,D,deepseek,0.4
Juan Hernandez,connecticut_college,D,grok,1.0
Juan Hernandez,connecticut_college,E,deepseek,0.0
Juan Hernandez,connecticut_college,E,grok,1.0
Juan Hernandez,connecticut_college,F,deepseek,0.0
Juan Hernandez,connecticut_college,F,grok,0.44
Juan Hernandez,connecticut_college,G,grok,0.04
Juan Hernandez,connecticut_college,G,deepseek,0.0
Juan Hernandez,tufts,A,grok,1.0
Juan Hernandez,tufts,A,deepseek,1.0
Juan Hernandez,tufts,B,deepseek,1.0
Juan Hernandez,tufts,B,grok,1.0
Juan Hernandez,tufts,C,deepseek,0.6
Juan Hernandez,tufts,C,grok,1.0
Juan Hernandez,tufts,CD,grok,1.0
Juan Hernandez,tufts,CD,deepseek,0.36
Juan Hernandez,tufts,D,deepseek,0.0
Juan Hernandez,tufts,D,grok,0.92
Juan Hernandez,tufts,E,deepseek,0.0
Juan Hernandez,tufts,E,grok,0.32
Juan Hernandez,tufts,F,grok,0.0
Juan Hernandez,tufts,F,deepseek,0.0
Juan Hernandez,tufts,G,grok,0.0
Juan Hernandez,tufts,G,deepseek,0.0
Juan Hernandez,mit,A,deepseek,0.36
Juan Hernandez,mit,A,grok,1.0
Juan Hernandez,mit,B,grok,1.0
Juan Hernandez,mit,B,deepseek,0.24
Juan Hernandez,mit,C,deepseek,0.0
Juan Hernandez,mit,C,grok,0.88
Juan Hernandez,mit,CD,deepseek,0.0
Juan Hernandez,mit,CD,grok,0.08
Juan Hernandez,mit,D,deepseek,0.0
Juan Hernandez,mit,D,grok,0.0
Juan Hernandez,mit,E,deepseek,0.0
Juan Hernandez,mit,E,grok,0.0
Juan Hernandez,mit,F,deepseek,0.0
Juan Hernandez,mit,F,grok,0.0
Juan Hernandez,mit,G,grok,0.0
Juan Hernandez,mit,G,deepseek,0.0
Omar Rahman,connecticut_college,A,grok,1.0
Omar Rahman,connecticut_college,A,deepseek,1.0
Omar Rahman,connecticut_college,B,deepseek,1.0
Omar Rahman,connecticut_college,B,grok,1.0
Omar Rahman,connecticut_college,C,deepseek,1.0
Omar Rahman,connecticut_college,C,grok,1.0
Omar Rahman,connecticut_college,CD,deepseek,0.48
Omar Rahman,connecticut_college,CD,grok,1.0
Omar Rahman,connecticut_college,D,deepseek,0.0
Omar Rahman,connecticut_college,D,grok,1.0
Omar Rahman,connecticut_college,E,deepseek,0.0
Omar Rahman,connecticut_college,E,grok,1.0
Omar Rahman,connecticut_college,F,deepseek,0.0
Omar Rahman,connecticut_college,F,grok,0.4
Omar Rahman,connecticut_college,G,grok,0.0
Omar Rahman,connecticut_college,G,deepseek,0.0
Omar Rahman,tufts,A,grok,1.0
Omar Rahman,tufts,A,deepseek,1.0
Omar Rahman,tufts,B,deepseek,1.0
Omar Rahman,tufts,B,grok,1.0
Omar Rahman,tufts,C,deepseek,0.84
Omar Rahman,tufts,C,grok,1.0
Omar Rahman,tufts,CD,deepseek,0.16
Omar Rahman,tufts,CD,grok,1.0
Omar Rahman,tufts,D,deepseek,0.0
Omar Rahman,tufts,D,grok,0.72
Omar Rahman,tufts,E,deepseek,0.0
Omar Rahman,tufts,E,grok,0.2
Omar Rahman,tufts,F,grok,0.0
Omar Rahman,tufts,F,deepseek,0.0
Omar Rahman,tufts,G,deepseek,0.0
Omar Rahman,tufts,G,grok,0.0
Omar Rahman,mit,A,grok,1.0
Omar Rahman,mit,A,deepseek,0.44
Omar Rahman,mit,B,deepseek,0.0
Omar Rahman,mit,B,grok,1.0
Omar Rahman,mit,C,deepseek,0.0
Omar Rahman,mit,C,grok,0.88
Omar Rahman,mit,CD,deepseek,0.0
Omar Rahman,mit,CD,grok,0.04
Omar Rahman,mit,D,deepseek,0.0
Omar Rahman,mit,D,grok,0.0
Omar Rahman,mit,E,deepseek,0.0
Omar Rahman,mit,E,grok,0.0
Omar Rahman,mit,F,grok,0.0
Omar Rahman,mit,F,deepseek,0.0
Omar Rahman,mit,G,deepseek,0.0
Omar Rahman,mit,G,grok,0.0
Arjun Gupta,connecticut_college,A,deepseek,1.0
Arjun Gupta,connecticut_college,A,grok,1.0
Arjun Gupta,connecticut_college,B,deepseek,1.0
Arjun Gupta,connecticut_college,B,grok,1.0
Arjun Gupta,connecticut_college,C,deepseek,1.0
Arjun Gupta,connecticut_college,C,grok,1.0
Arjun Gupta,connecticut_college,CD,deepseek,0.92
Arjun Gupta,connecticut_college,CD,grok,1.0
Arjun Gupta,connecticut_college,D,deepseek,0.0
Arjun Gupta,connecticut_college,D,grok,1.0
Arjun Gupta,connecticut_college,E,deepseek,0.0
Arjun Gupta,connecticut_college,E,grok,1.0
Arjun Gupta,connecticut_college,F,deepseek,0.0
Arjun Gupta,connecticut_college,F,grok,0.2
Arjun Gupta,connecticut_college,G,grok,0.04
Arjun Gupta,connecticut_college,G,deepseek,0.0
Arjun Gupta,tufts,A,grok,1.0
Arjun Gupta,tufts,A,deepseek,1.0
Arjun Gupta,tufts,B,deepseek,1.0
Arjun Gupta,tufts,B,grok,1.0
Arjun Gupta,tufts,C,grok,1.0
Arjun Gupta,tufts,C,deepseek,0.48
Arjun Gupta,tufts,CD,deepseek,0.24
Arjun Gupta,tufts,CD,grok,1.0
Arjun Gupta,tufts,D,deepseek,0.0
Arjun Gupta,tufts,D,grok,0.72
Arjun Gupta,tufts,E,deepseek,0.0
Arjun Gupta,tufts,E,grok,0.12
Arjun Gupta,tufts,F,grok,0.0
Arjun Gupta,tufts,F,deepseek,0.0
Arjun Gupta,tufts,G,grok,0.0
Arjun Gupta,tufts,G,deepseek,0.0
Arjun Gupta,mit,A,deepseek,0.16
Arjun Gupta,mit,A,grok,1.0
Arjun Gupta,mit,B,deepseek,0.0
Arjun Gupta,mit,B,grok,1.0
Arjun Gupta,mit,C,grok,0.84
Arjun Gupta,mit,C,deepseek,0.0
Arjun Gupta,mit,CD,deepseek,0.0
Arjun Gupta,mit,CD,grok,0.0
Arjun Gupta,mit,D,deepseek,0.0
Arjun Gupta,mit,D,grok,0.0
Arjun Gupta,mit,E,deepseek,0.0
Arjun Gupta,mit,E,grok,0.0
Arjun Gupta,mit,F,deepseek,0.0
Arjun Gupta,mit,F,grok,0.0
Arjun Gupta,mit,G,deepseek,0.0
Arjun Gupta,mit,G,grok,0.0
William Newburry,connecticut_college,A,grok,1.0
William Newburry,connecticut_college,A,deepseek,1.0
William Newburry,connecticut_college,B,deepseek,1.0
William Newburry,connecticut_college,B,grok,1.0
William Newburry,connecticut_college,C,deepseek,1.0
William Newburry,connecticut_college,C,grok,1.0
William Newburry,connecticut_college,CD,deepseek,1.0
William Newburry,connecticut_college,CD,grok,1.0
William Newburry,connecticut_college,D,deepseek,0.16
William Newburry,connecticut_college,D,grok,1.0
William Newburry,connecticut_college,E,deepseek,0.0
William Newburry,connecticut_college,E,grok,1.0
William Newburry,connecticut_college,F,deepseek,0.0
William Newburry,connecticut_college,F,grok,0.32
William Newburry,connecticut_college,G,deepseek,0.0
William Newburry,connecticut_college,G,grok,0.0
William Newburry,tufts,A,grok,1.0
William Newburry,tufts,A,deepseek,1.0
William Newburry,tufts,B,deepseek,1.0
William Newburry,tufts,B,grok,1.0
William Newburry,tufts,C,grok,1.0
William Newburry,tufts,C,deepseek,1.0
William Newburry,tufts,CD,deepseek,0.12
William Newburry,tufts,CD,grok,1.0
William Newburry,tufts,D,deepseek,0.0
William Newburry,tufts,D,grok,0.64
William Newburry,tufts,E,deepseek,0.0
William Newburry,tufts,E,grok,0.16
William Newburry,tufts,F,grok,0.0
William Newburry,tufts,F,deepseek,0.0
William Newburry,tufts,G,grok,0.0
William Newburry,tufts,G,deepseek,0.0
William Newburry,mit,A,deepseek,0.16
William Newburry,mit,A,grok,1.0
William Newburry,mit,B,deepseek,0.0
William Newburry,mit,B,grok,1.0
William Newburry,mit,C,deepseek,0.0
William Newburry,mit,C,grok,0.76
William Newburry,mit,CD,grok,0.08
William Newburry,mit,CD,deepseek,0.0
William Newburry,mit,D,deepseek,0.0
William Newburry,mit,D,grok,0.0
William Newburry,mit,E,deepseek,0.0
William Newburry,mit,E,grok,0.0
William Newburry,mit,F,deepseek,0.0
William Newburry,mit,F,grok,0.0
William Newburry,mit,G,grok,0.0
William Newburry,mit,G,deepseek,0.0
Chinedu Khumalo,connecticut_college,A,deepseek,1.0
Chinedu Khumalo,connecticut_college,A,grok,1.0
Chinedu Khumalo,connecticut_college,B,deepseek,1.0
Chinedu Khumalo,connecticut_college,B,grok,1.0
Chinedu Khumalo,connecticut_college,C,deepseek,1.0
Chinedu Khumalo,connecticut_college,C,grok,1.0
Chinedu Khumalo,connecticut_college,CD,deepseek,0.44
Chinedu Khumalo,connecticut_college,CD,grok,1.0
Chinedu Khumalo,connecticut_college,D,deepseek,0.0
Chinedu Khumalo,connecticut_college,D,grok,1.0
Chinedu Khumalo,connecticut_college,E,deepseek,0.0
Chinedu Khumalo,connecticut_college,E,grok,1.0
Chinedu Khumalo,connecticut_college,F,deepseek,0.0
Chinedu Khumalo,connecticut_college,F,grok,0.32
Chinedu Khumalo,connecticut_college,G,grok,0.04
Chinedu Khumalo,connecticut_college,G,deepseek,0.0
Chinedu Khumalo,tufts,A,grok,1.0
Chinedu Khumalo,tufts,A,deepseek,1.0
Chinedu Khumalo,tufts,B,grok,1.0
Chinedu Khumalo,tufts,B,deepseek,1.0
Chinedu Khumalo,tufts,C,deepseek,0.96
Chinedu Khumalo,tufts,C,grok,1.0
Chinedu Khumalo,tufts,CD,deepseek,0.64
Chinedu Khumalo,tufts,CD,grok,1.0
Chinedu Khumalo,tufts,D,deepseek,0.0
Chinedu Khumalo,tufts,D,grok,0.84
Chinedu Khumalo,tufts,E,deepseek,0.0
Chinedu Khumalo,tufts,E,grok,0.36
Chinedu Khumalo,tufts,F,deepseek,0.0
Chinedu Khumalo,tufts,F,grok,0.0
Chinedu Khumalo,tufts,G,grok,0.0
Chinedu Khumalo,tufts,G,deepseek,0.0
Chinedu Khumalo,mit,A,deepseek,0.48
Chinedu Khumalo,mit,A,grok,1.0
Chinedu Khumalo,mit,B,deepseek,0.0
Chinedu Khumalo,mit,B,grok,1.0
Chinedu Khumalo,mit,C,deepseek,0.0
Chinedu Khumalo,mit,C,grok,1.0
Chinedu Khumalo,mit,CD,deepseek,0.0
Chinedu Khumalo,mit,CD,grok,0.12
Chinedu Khumalo,mit,D,grok,0.0
Chinedu Khumalo,mit,D,deepseek,0.0
Chinedu Khumalo,mit,E,grok,0.0
Chinedu Khumalo,mit,E,deepseek,0.0
Chinedu Khumalo,mit,F,deepseek,0.0
Chinedu Khumalo,mit,F,grok,0.0
Chinedu Khumalo,mit,G,deepseek,0.0
Chinedu Khumalo,mit,G,grok,0.0
Darnell Washington,connecticut_college,A,deepseek,1.0
Darnell Washington,connecticut_college,A,grok,1.0
Darnell Washington,connecticut_college,B,deepseek,1.0
Darnell Washington,connecticut_college,B,grok,1.0
Darnell Washington,connecticut_college,C,deepseek,1.0
Darnell Washington,connecticut_college,C,grok,1.0
Darnell Washington,connecticut_college,CD,deepseek,0.8
Darnell Washington,connecticut_college,CD,grok,1.0
Darnell Washington,connecticut_college,D,deepseek,0.2
Darnell Washington,connecticut_college,D,grok,1.0
Darnell Washington,connecticut_college,E,deepseek,0.0
Darnell Washington,connecticut_college,E,grok,1.0
Darnell Washington,connecticut_college,F,deepseek,0.0
Darnell Washington,connecticut_college,F,grok,0.36
Darnell Washington,connecticut_college,G,deepseek,0.0
Darnell Washington,connecticut_college,G,grok,0.04
Darnell Washington,tufts,A,deepseek,1.0
Darnell Washington,tufts,A,grok,1.0
Darnell Washington,tufts,B,deepseek,1.0
Darnell Washington,tufts,B,grok,1.0
Darnell Washington,tufts,C,deepseek,1.0
Darnell Washington,tufts,C,grok,1.0
Darnell Washington,tufts,CD,deepseek,0.6
Darnell Washington,tufts,CD,grok,1.0
Darnell Washington,tufts,D,deepseek,0.0
Darnell Washington,tufts,D,grok,0.92
Darnell Washington,tufts,E,deepseek,0.0
Darnell Washington,tufts,E,grok,0.16
Darnell Washington,tufts,F,grok,0.0
Darnell Washington,tufts,F,deepseek,0.0
Darnell Washington,tufts,G,grok,0.0
Darnell Washington,tufts,G,deepseek,0.0
Darnell Washington,mit,A,deepseek,0.2
Darnell Washington,mit,A,grok,1.0
Darnell Washington,mit,B,deepseek,0.08
Darnell Washington,mit,B,grok,1.0
Darnell Washington,mit,C,deepseek,0.0
Darnell Washington,mit,C,grok,1.0
Darnell Washington,mit,CD,deepseek,0.0
Darnell Washington,mit,CD,grok,0.12
Darnell Washington,mit,D,deepseek,0.0
Darnell Washington,mit,D,grok,0.0
Darnell Washington,mit,E,deepseek,0.0
Darnell Washington,mit,E,grok,0.0
Darnell Washington,mit,F,deepseek,0.0
Darnell Washington,mit,F,grok,0.0
Darnell Washington,mit,G,deepseek,0.0
Darnell Washington,mit,G,grok,0.0
Noam Biton,connecticut_college,A,deepseek,1.0
Noam Biton,connecticut_college,A,grok,1.0
Noam Biton,connecticut_college,B,deepseek,1.0
Noam Biton,connecticut_college,B,grok,1.0
Noam Biton,connecticut_college,C,deepseek,1.0
Noam Biton,connecticut_college,C,grok,1.0
Noam Biton,connecticut_college,CD,deepseek,0.6
Noam Biton,connecticut_college,CD,grok,1.0
Noam Biton,connecticut_college,D,deepseek,0.0
Noam Biton,connecticut_college,D,grok,1.0
Noam Biton,connecticut_college,E,grok,0.96
Noam Biton,connecticut_college,E,deepseek,0.0
Noam Biton,connecticut_college,F,deepseek,0.0
Noam Biton,connecticut_college,F,grok,0.32
Noam Biton,connecticut_college,G,grok,0.0
Noam Biton,connecticut_college,G,deepseek,0.0
Noam Biton,tufts,A,grok,1.0
Noam Biton,tufts,A,deepseek,1.0
Noam Biton,tufts,B,deepseek,1.0
Noam Biton,tufts,B,grok,1.0
Noam Biton,tufts,C,deepseek,0.88
Noam Biton,tufts,C,grok,1.0
Noam Biton,tufts,CD,deepseek,0.0
Noam Biton,tufts,CD,grok,1.0
Noam Biton,tufts,D,deepseek,0.0
Noam Biton,tufts,D,grok,0.72
Noam Biton,tufts,E,deepseek,0.0
Noam Biton,tufts,E,grok,0.04
Noam Biton,tufts,F,grok,0.0
Noam Biton,tufts,F,deepseek,0.0
Noam Biton,tufts,G,grok,0.0
Noam Biton,tufts,G,deepseek,0.0
Noam Biton,mit,A,deepseek,0.04
Noam Biton,mit,A,grok,1.0
Noam Biton,mit,B,deepseek,0.0
Noam Biton,mit,B,grok,1.0
Noam Biton,mit,C,deepseek,0.0
Noam Biton,mit,C,grok,0.96
Noam Biton,mit,CD,deepseek,0.0
Noam Biton,mit,CD,grok,0.0
Noam Biton,mit,D,deepseek,0.0
Noam Biton,mit,D,grok,0.0
Noam Biton,mit,E,deepseek,0.0
Noam Biton,mit,E,grok,0.0
Noam Biton,mit,F,deepseek,0.0
Noam Biton,mit,F,grok,0.0
Noam Biton,mit,G,deepseek,0.0
Noam Biton,mit,G,grok,0.0
Wei Li,connecticut_college,A,deepseek,1.0
Wei Li,connecticut_college,A,grok,1.0
Wei Li,connecticut_college,B,deepseek,1.0
Wei Li,connecticut_college,B,grok,1.0
Wei Li,connecticut_college,C,deepseek,1.0
Wei Li,connecticut_college,C,grok,1.0
Wei Li,connecticut_college,CD,deepseek,0.32
Wei Li,connecticut_college,CD,grok,1.0
Wei Li,connecticut_college,D,deepseek,0.0
Wei Li,connecticut_college,D,grok,1.0
Wei Li,connecticut_college,E,deepseek,0.0
Wei Li,connecticut_college,E,grok,0.96
Wei Li,connecticut_college,F,deepseek,0.0
Wei Li,connecticut_college,F,grok,0.12
Wei Li,connecticut_college,G,deepseek,0.0
Wei Li,connecticut_college,G,grok,0.0
Wei Li,tufts,A,grok,1.0
Wei Li,tufts,A,deepseek,1.0
Wei Li,tufts,B,deepseek,0.96
Wei Li,tufts,B,grok,1.0
Wei Li,tufts,C,deepseek,0.68
Wei Li,tufts,C,grok,1.0
Wei Li,tufts,CD,deepseek,0.0
Wei Li,tufts,CD,grok,1.0
Wei Li,tufts,D,grok,0.68
Wei Li,tufts,D,deepseek,0.0
Wei Li,tufts,E,deepseek,0.0
Wei Li,tufts,E,grok,0.12
Wei Li,tufts,F,grok,0.0
Wei Li,tufts,F,deepseek,0.0
Wei Li,tufts,G,deepseek,0.0
Wei Li,tufts,G,grok,0.0
Wei Li,mit,A,grok,1.0
Wei Li,mit,A,deepseek,0.4
Wei Li,mit,B,deepseek,0.0
Wei Li,mit,B,grok,1.0
Wei Li,mit,C,deepseek,0.0
Wei Li,mit,C,grok,0.84
Wei Li,mit,CD,deepseek,0.0
Wei Li,mit,CD,grok,0.12
Wei Li,mit,D,deepseek,0.0
Wei Li,mit,D,grok,0.0
Wei Li,mit,E,deepseek,0.0
Wei Li,mit,E,grok,0.0
Wei Li,mit,F,deepseek,0.0
Wei Li,mit,F,grok,0.0
Wei Li,mit,G,deepseek,0.0
Wei Li,mit,G,grok,0.0
Juan Rodriguez,connecticut_college,A,deepseek,1.0
Juan Rodriguez,connecticut_college,A,grok,1.0
Juan Rodriguez,connecticut_college,B,deepseek,1.0
Juan Rodriguez,connecticut_college,B,grok,1.0
Juan Rodriguez,connecticut_college,C,grok,1.0
Juan Rodriguez,connecticut_college,C,deepseek,1.0
Juan Rodriguez,connecticut_college,CD,deepseek,0.64
Juan Rodriguez,connecticut_college,CD,grok,1.0
Juan Rodriguez,connecticut_college,D,deepseek,0.0
Juan Rodriguez,connecticut_college,D,grok,1.0
Juan Rodriguez,connecticut_college,E,deepseek,0.0
Juan Rodriguez,connecticut_college,E,grok,1.0
Juan Rodriguez,connecticut_college,F,deepseek,0.0
Juan Rodriguez,connecticut_college,F,grok,0.28
Juan Rodriguez,connecticut_college,G,deepseek,0.0
Juan Rodriguez,connecticut_college,G,grok,0.04
Juan Rodriguez,tufts,A,grok,1.0
Juan Rodriguez,tufts,A,deepseek,1.0
Juan Rodriguez,tufts,B,deepseek,0.72
Juan Rodriguez,tufts,B,grok,1.0
Juan Rodriguez,tufts,C,deepseek,0.72
Juan Rodriguez,tufts,C,grok,1.0
Juan Rodriguez,tufts,CD,deepseek,0.16
Juan Rodriguez,tufts,CD,grok,1.0
Juan Rodriguez,tufts,D,deepseek,0.0
Juan Rodriguez,tufts,D,grok,0.96
Juan Rodriguez,tufts,E,deepseek,0.0
Juan Rodriguez,tufts,E,grok,0.16
Juan Rodriguez,tufts,F,deepseek,0.0
Juan Rodriguez,tufts,F,grok,0.0
Juan Rodriguez,tufts,G,grok,0.0
Juan Rodriguez,tufts,G,deepseek,0.0
Juan Rodriguez,mit,A,grok,1.0
Juan Rodriguez,mit,A,deepseek,0.64
Juan Rodriguez,mit,B,deepseek,0.2
Juan Rodriguez,mit,B,grok,1.0
Juan Rodriguez,mit,C,deepseek,0.0
Juan Rodriguez,mit,C,grok,1.0
Juan Rodriguez,mit,CD,deepseek,0.0
Juan Rodriguez,mit,CD,grok,0.12
Juan Rodriguez,mit,D,deepseek,0.0
Juan Rodriguez,mit,D,grok,0.0
Juan Rodriguez,mit,E,deepseek,0.0
Juan Rodriguez,mit,E,grok,0.0
Juan Rodriguez,mit,F,deepseek,0.0
Juan Rodriguez,mit,F,grok,0.0
Juan Rodriguez,mit,G,grok,0.0
Juan Rodriguez,mit,G,deepseek,0.0
Muhammad Hussein,connecticut_college,A,deepseek,1.0
Muhammad Hussein,connecticut_college,A,grok,1.0
Muhammad Hussein,connecticut_college,B,deepseek,1.0
Muhammad Hussein,connecticut_college,B,grok,1.0
Muhammad Hussein,connecticut_college,C,deepseek,1.0
Muhammad Hussein,connecticut_college,C,grok,1.0
Muhammad Hussein,connecticut_college,CD,deepseek,0.72
Muhammad Hussein,connecticut_college,CD,grok,1.0
Muhammad Hussein,connecticut_college,D,deepseek,0.0
Muhammad Hussein,connecticut_college,D,grok,1.0
Muhammad Hussein,connecticut_college,E,deepseek,0.0
Muhammad Hussein,connecticut_college,E,grok,1.0
Muhammad Hussein,connecticut_college,F,deepseek,0.0
Muhammad Hussein,connecticut_college,F,grok,0.68
Muhammad Hussein,connecticut_college,G,grok,0.0
Muhammad Hussein,connecticut_college,G,deepseek,0.0
Muhammad Hussein,tufts,A,grok,1.0
Muhammad Hussein,tufts,A,deepseek,1.0
Muhammad Hussein,tufts,B,deepseek,1.0
Muhammad Hussein,tufts,B,grok,1.0
Muhammad Hussein,tufts,C,deepseek,0.88
Muhammad Hussein,tufts,C,grok,1.0
Muhammad Hussein,tufts,CD,deepseek,0.16
Muhammad Hussein,tufts,CD,grok,1.0
Muhammad Hussein,tufts,D,deepseek,0.0
Muhammad Hussein,tufts,D,grok,0.8
Muhammad Hussein,tufts,E,deepseek,0.0
Muhammad Hussein,tufts,E,grok,0.08
Muhammad Hussein,tufts,F,deepseek,0.0
Muhammad Hussein,tufts,F,grok,0.0
Muhammad Hussein,tufts,G,grok,0.0
Muhammad Hussein,tufts,G,deepseek,0.0
Muhammad Hussein,mit,A,deepseek,0.28
Muhammad Hussein,mit,A,grok,1.0
Muhammad Hussein,mit,B,deepseek,0.0
Muhammad Hussein,mit,B,grok,1.0
Muhammad Hussein,mit,C,deepseek,0.0
Muhammad Hussein,mit,C,grok,0.96
Muhammad Hussein,mit,CD,deepseek,0.0
Muhammad Hussein,mit,CD,grok,0.04
Muhammad Hussein,mit,D,deepseek,0.0
Muhammad Hussein,mit,D,grok,0.0
Muhammad Hussein,mit,E,deepseek,0.0
Muhammad Hussein,mit,E,grok,0.0
Muhammad Hussein,mit,F,deepseek,0.0
Muhammad Hussein,mit,F,grok,0.0
Muhammad Hussein,mit,G,grok,0.0
Muhammad Hussein,mit,G,deepseek,0.0
Aarav Sharma,connecticut_college,A,deepseek,1.0
Aarav Sharma,connecticut_college,A,grok,1.0
Aarav Sharma,connecticut_college,B,deepseek,1.0
Aarav Sharma,connecticut_college,B,grok,1.0
Aarav Sharma,connecticut_college,C,deepseek,0.72
Aarav Sharma,connecticut_college,C,grok,1.0
Aarav Sharma,connecticut_college,CD,deepseek,0.56
Aarav Sharma,connecticut_college,CD,grok,1.0
Aarav Sharma,connecticut_college,D,grok,1.0
Aarav Sharma,connecticut_college,D,deepseek,0.0
Aarav Sharma,connecticut_college,E,grok,1.0
Aarav Sharma,connecticut_college,E,deepseek,0.0
Aarav Sharma,connecticut_college,F,deepseek,0.0
Aarav Sharma,connecticut_college,F,grok,0.16
Aarav Sharma,connecticut_college,G,deepseek,0.0
Aarav Sharma,connecticut_college,G,grok,0.0
Aarav Sharma,tufts,A,deepseek,1.0
Aarav Sharma,tufts,A,grok,1.0
Aarav Sharma,tufts,B,grok,1.0
Aarav Sharma,tufts,B,deepseek,1.0
Aarav Sharma,tufts,C,deepseek,0.56
Aarav Sharma,tufts,C,grok,1.0
Aarav Sharma,tufts,CD,deepseek,0.0
Aarav Sharma,tufts,CD,grok,1.0
Aarav Sharma,tufts,D,deepseek,0.0
Aarav Sharma,tufts,D,grok,0.84
Aarav Sharma,tufts,E,grok,0.16
Aarav Sharma,tufts,E,deepseek,0.0
Aarav Sharma,tufts,F,deepseek,0.0
Aarav Sharma,tufts,F,grok,0.0
Aarav Sharma,tufts,G,grok,0.0
Aarav Sharma,tufts,G,deepseek,0.0
Aarav Sharma,mit,A,deepseek,0.28
Aarav Sharma,mit,A,grok,1.0
Aarav Sharma,mit,B,deepseek,0.0
Aarav Sharma,mit,B,grok,1.0
Aarav Sharma,mit,C,grok,0.88
Aarav Sharma,mit,C,deepseek,0.0
Aarav Sharma,mit,CD,deepseek,0.0
Aarav Sharma,mit,CD,grok,0.08
Aarav Sharma,mit,D,deepseek,0.0
Aarav Sharma,mit,D,grok,0.0
Aarav Sharma,mit,E,grok,0.0
Aarav Sharma,mit,E,deepseek,0.0
Aarav Sharma,mit,F,grok,0.0
Aarav Sharma,mit,F,deepseek,0.0
Aarav Sharma,mit,G,deepseek,0.0
Aarav Sharma,mit,G,grok,0.0
Phillip Johnson,connecticut_college,A,deepseek,1.0
Phillip Johnson,connecticut_college,A,grok,1.0
Phillip Johnson,connecticut_college,B,deepseek,1.0
Phillip Johnson,connecticut_college,B,grok,1.0
Phillip Johnson,connecticut_college,C,deepseek,0.96
Phillip Johnson,connecticut_college,C,grok,1.0
Phillip Johnson,connecticut_college,CD,grok,1.0
Phillip Johnson,connecticut_college,CD,deepseek,0.2
Phillip Johnson,connecticut_college,D,deepseek,0.0
Phillip Johnson,connecticut_college,D,grok,1.0
Phillip Johnson,connecticut_college,E,deepseek,0.0
Phillip Johnson,connecticut_college,E,grok,1.0
Phillip Johnson,connecticut_college,F,deepseek,0.0
Phillip Johnson,connecticut_college,F,grok,0.2
Phillip Johnson,connecticut_college,G,deepseek,0.0
Phillip Johnson,connecticut_college,G,grok,0.04
Phillip Johnson,tufts,A,grok,1.0
Phillip Johnson,tufts,A,deepseek,1.0
Phillip Johnson,tufts,B,deepseek,0.64
Phillip Johnson,tufts,B,grok,1.0
Phillip Johnson,tufts,C,deepseek,0.24
Phillip Johnson,tufts,C,grok,1.0
Phillip Johnson,tufts,CD,grok,1.0
Phillip Johnson,tufts,CD,deepseek,0.0
Phillip Johnson,tufts,D,deepseek,0.0
Phillip Johnson,tufts,D,grok,0.72
Phillip Johnson,tufts,E,deepseek,0.0
Phillip Johnson,tufts,E,grok,0.12
Phillip Johnson,tufts,F,grok,0.0
Phillip Johnson,tufts,F,deepseek,0.0
Phillip Johnson,tufts,G,deepseek,0.0
Phillip Johnson,tufts,G,grok,0.0
Phillip Johnson,mit,A,deepseek,0.4
Phillip Johnson,mit,A,grok,1.0
Phillip Johnson,mit,B,deepseek,0.12
Phillip Johnson,mit,B,grok,1.0
Phillip Johnson,mit,C,deepseek,0.0
Phillip Johnson,mit,C,grok,0.8
Phillip Johnson,mit,CD,deepseek,0.0
Phillip Johnson,mit,CD,grok,0.04
Phillip Johnson,mit,D,grok,0.0
Phillip Johnson,mit,D,deepseek,0.0
Phillip Johnson,mit,E,deepseek,0.0
Phillip Johnson,mit,E,grok,0.0
Phillip Johnson,mit,F,grok,0.0
Phillip Johnson,mit,F,deepseek,0.0
Phillip Johnson,mit,G,grok,0.0
Phillip Johnson,mit,G,deepseek,0.0
Ayo Khumalo,connecticut_college,A,grok,1.0
Ayo Khumalo,connecticut_college,A,deepseek,1.0
Ayo Khumalo,connecticut_college,B,grok,1.0
Ayo Khumalo,connecticut_college,B,deepseek,1.0
Ayo Khumalo,connecticut_college,C,deepseek,1.0
Ayo Khumalo,connecticut_college,C,grok,1.0
Ayo Khumalo,connecticut_college,CD,deepseek,1.0
Ayo Khumalo,connecticut_college,CD,grok,1.0
Ayo Khumalo,connecticut_college,D,deepseek,0.0
Ayo Khumalo,connecticut_college,D,grok,1.0
Ayo Khumalo,connecticut_college,E,deepseek,0.0
Ayo Khumalo,connecticut_college,E,grok,1.0
Ayo Khumalo,connecticut_college,F,deepseek,0.0
Ayo Khumalo,connecticut_college,F,grok,0.32
Ayo Khumalo,connecticut_college,G,grok,0.08
Ayo Khumalo,connecticut_college,G,deepseek,0.0
Ayo Khumalo,tufts,A,grok,1.0
Ayo Khumalo,tufts,A,deepseek,1.0
Ayo Khumalo,tufts,B,grok,1.0
Ayo Khumalo,tufts,B,deepseek,0.96
Ayo Khumalo,tufts,C,grok,1.0
Ayo Khumalo,tufts,C,deepseek,0.76
Ayo Khumalo,tufts,CD,grok,1.0
Ayo Khumalo,tufts,CD,deepseek,0.24
Ayo Khumalo,tufts,D,deepseek,0.0
Ayo Khumalo,tufts,D,grok,0.76
Ayo Khumalo,tufts,E,deepseek,0.0
Ayo Khumalo,tufts,E,grok,0.12
Ayo Khumalo,tufts,F,grok,0.0
Ayo Khumalo,tufts,F,deepseek,0.0
Ayo Khumalo,tufts,G,deepseek,0.0
Ayo Khumalo,tufts,G,grok,0.0
Ayo Khumalo,mit,A,deepseek,0.36
Ayo Khumalo,mit,A,grok,1.0
Ayo Khumalo,mit,B,deepseek,0.0
Ayo Khumalo,mit,B,grok,1.0
Ayo Khumalo,mit,C,deepseek,0.0
Ayo Khumalo,mit,C,grok,0.88
Ayo Khumalo,mit,CD,deepseek,0.0
Ayo Khumalo,mit,CD,grok,0.08
Ayo Khumalo,mit,D,grok,0.0
Ayo Khumalo,mit,D,deepseek,0.0
Ayo Khumalo,mit,E,deepseek,0.0
Ayo Khumalo,mit,E,grok,0.0
Ayo Khumalo,mit,F,deepseek,0.0
Ayo Khumalo,mit,F,grok,0.0
Ayo Khumalo,mit,G,deepseek,0.0
Ayo Khumalo,mit,G,grok,0.0
Jamal Jackson,connecticut_college,A,deepseek,1.0
Jamal Jackson,connecticut_college,A,grok,1.0
Jamal Jackson,connecticut_college,B,deepseek,1.0
Jamal Jackson,connecticut_college,B,grok,1.0
Jamal Jackson,connecticut_college,C,deepseek,1.0
Jamal Jackson,connecticut_college,C,grok,1.0
Jamal Jackson,connecticut_college,CD,deepseek,1.0
Jamal Jackson,connecticut_college,CD,grok,1.0
Jamal Jackson,connecticut_college,D,grok,1.0
Jamal Jackson,connecticut_college,D,deepseek,0.04
Jamal Jackson,connecticut_college,E,deepseek,0.0
Jamal Jackson,connecticut_college,E,grok,1.0
Jamal Jackson,connecticut_college,F,deepseek,0.0
Jamal Jackson,connecticut_college,F,grok,0.36
Jamal Jackson,connecticut_college,G,grok,0.0
Jamal Jackson,connecticut_college,G,deepseek,0.0
Jamal Jackson,tufts,A,grok,1.0
Jamal Jackson,tufts,A,deepseek,1.0
Jamal Jackson,tufts,B,grok,1.0
Jamal Jackson,tufts,B,deepseek,1.0
Jamal Jackson,tufts,C,deepseek,0.92
Jamal Jackson,tufts,C,grok,1.0
Jamal Jackson,tufts,CD,grok,1.0
Jamal Jackson,tufts,CD,deepseek,0.24
Jamal Jackson,tufts,D,deepseek,0.0
Jamal Jackson,tufts,D,grok,0.92
Jamal Jackson,tufts,E,deepseek,0.0
Jamal Jackson,tufts,E,grok,0.24
Jamal Jackson,tufts,F,grok,0.0
Jamal Jackson,tufts,F,deepseek,0.0
Jamal Jackson,tufts,G,deepseek,0.0
Jamal Jackson,tufts,G,grok,0.0
Jamal Jackson,mit,A,grok,1.0
Jamal Jackson,mit,A,deepseek,0.68
Jamal Jackson,mit,B,deepseek,0.24
Jamal Jackson,mit,B,grok,1.0
Jamal Jackson,mit,C,deepseek,0.0
Jamal Jackson,mit,C,grok,0.84
Jamal Jackson,mit,CD,deepseek,0.0
Jamal Jackson,mit,CD,grok,0.04
Jamal Jackson,mit,D,grok,0.0
Jamal Jackson,mit,D,deepseek,0.0
Jamal Jackson,mit,E,deepseek,0.0
Jamal Jackson,mit,E,grok,0.0
Jamal Jackson,mit,F,deepseek,0.0
Jamal Jackson,mit,F,grok,0.0
Jamal Jackson,mit,G,deepseek,0.0
Jamal Jackson,mit,G,grok,0.0
Ariel Peretz,connecticut_college,A,deepseek,1.0
Ariel Peretz,connecticut_college,A,grok,1.0
Ariel Peretz,connecticut_college,B,deepseek,1.0
Ariel Peretz,connecticut_college,B,grok,1.0
Ariel Peretz,connecticut_college,C,grok,1.0
Ariel Peretz,connecticut_college,C,deepseek,1.0
Ariel Peretz,connecticut_college,CD,deepseek,0.92
Ariel Peretz,connecticut_college,CD,grok,1.0
Ariel Peretz,connecticut_college,D,deepseek,0.0
Ariel Peretz,connecticut_college,D,grok,1.0
Ariel Peretz,connecticut_college,E,deepseek,0.0
Ariel Peretz,connecticut_college,E,grok,1.0
Ariel Peretz,connecticut_college,F,deepseek,0.0
Ariel Peretz,connecticut_college,F,grok,0.48
Ariel Peretz,connecticut_college,G,deepseek,0.0
Ariel Peretz,connecticut_college,G,grok,0.04
Ariel Peretz,tufts,A,grok,1.0
Ariel Peretz,tufts,A,deepseek,1.0
Ariel Peretz,tufts,B,deepseek,1.0
Ariel Peretz,tufts,B,grok,1.0
Ariel Peretz,tufts,C,deepseek,0.96
Ariel Peretz,tufts,C,grok,1.0
Ariel Peretz,tufts,CD,grok,1.0
Ariel Peretz,tufts,CD,deepseek,0.28
Ariel Peretz,tufts,D,deepseek,0.0
Ariel Peretz,tufts,D,grok,0.72
Ariel Peretz,tufts,E,deepseek,0.0
Ariel Peretz,tufts,E,grok,0.12
Ariel Peretz,tufts,F,deepseek,0.0
Ariel Peretz,tufts,F,grok,0.0
Ariel Peretz,tufts,G,grok,0.0
Ariel Peretz,tufts,G,deepseek,0.0
Ariel Peretz,mit,A,grok,1.0
Ariel Peretz,mit,A,deepseek,0.16
Ariel Peretz,mit,B,deepseek,0.0
Ariel Peretz,mit,B,grok,1.0
Ariel Peretz,mit,C,deepseek,0.0
Ariel Peretz,mit,C,grok,0.84
Ariel Peretz,mit,CD,deepseek,0.0
Ariel Peretz,mit,CD,grok,0.0
Ariel Peretz,mit,D,grok,0.0
Ariel Peretz,mit,D,deepseek,0.0
Ariel Peretz,mit,E,grok,0.0
Ariel Peretz,mit,E,deepseek,0.0
Ariel Peretz,mit,F,deepseek,0.0
Ariel Peretz,mit,F,grok,0.0
Ariel Peretz,mit,G,grok,0.0
Ariel Peretz,mit,G,deepseek,0.0
Chen Wei,connecticut_college,A,grok,1.0
Chen Wei,connecticut_college,A,deepseek,1.0
Chen Wei,connecticut_college,B,deepseek,1.0
Chen Wei,connecticut_college,B,grok,1.0
Chen Wei,connecticut_college,C,grok,1.0
Chen Wei,connecticut_college,C,deepseek,1.0
Chen Wei,connecticut_college,CD,deepseek,0.44
Chen Wei,connecticut_college,CD,grok,1.0
Chen Wei,connecticut_college,D,grok,1.0
Chen Wei,connecticut_college,D,deepseek,0.0
Chen Wei,connecticut_college,E,deepseek,0.0
Chen Wei,connecticut_college,E,grok,1.0
Chen Wei,connecticut_college,F,deepseek,0.0
Chen Wei,connecticut_college,F,grok,0.28
Chen Wei,connecticut_college,G,deepseek,0.0
Chen Wei,connecticut_college,G,grok,0.0
Chen Wei,tufts,A,grok,1.0
Chen Wei,tufts,A,deepseek,1.0
Chen Wei,tufts,B,grok,1.0
Chen Wei,tufts,B,deepseek,1.0
Chen Wei,tufts,C,deepseek,0.4
Chen Wei,tufts,C,grok,1.0
Chen Wei,tufts,CD,deepseek,0.0
Chen Wei,tufts,CD,grok,1.0
Chen Wei,tufts,D,deepseek,0.0
Chen Wei,tufts,D,grok,0.68
Chen Wei,tufts,E,grok,0.12
Chen Wei,tufts,E,deepseek,0.0
Chen Wei,tufts,F,grok,0.0
Chen Wei,tufts,F,deepseek,0.0
Chen Wei,tufts,G,grok,0.0
Chen Wei,tufts,G,deepseek,0.0
Chen Wei,mit,A,deepseek,0.64
Chen Wei,mit,A,grok,1.0
Chen Wei,mit,B,deepseek,0.16
Chen Wei,mit,B,grok,1.0
Chen Wei,mit,C,deepseek,0.0
Chen Wei,mit,C,grok,0.76
Chen Wei,mit,CD,deepseek,0.0
Chen Wei,mit,CD,grok,0.0
Chen Wei,mit,D,deepseek,0.0
Chen Wei,mit,D,grok,0.0
Chen Wei,mit,E,deepseek,0.0
Chen Wei,mit,E,grok,0.0
Chen Wei,mit,F,grok,0.0
Chen Wei,mit,F,deepseek,0.0
Chen Wei,mit,G,deepseek,0.0
Chen Wei,mit,G,grok,0.0
Camila Martinez,connecticut_college,A,deepseek,1.0
Camila Martinez,connecticut_college,A,grok,1.0
Camila Martinez,connecticut_college,B,grok,1.0
Camila Martinez,connecticut_college,B,deepseek,1.0
Camila Martinez,connecticut_college,C,deepseek,1.0
Camila Martinez,connecticut_college,C,grok,1.0
Camila Martinez,connecticut_college,CD,grok,1.0
Camila Martinez,connecticut_college,CD,deepseek,1.0
Camila Martinez,connecticut_college,D,deepseek,0.0
Camila Martinez,connecticut_college,D,grok,1.0
Camila Martinez,connecticut_college,E,grok,1.0
Camila Martinez,connecticut_college,E,deepseek,0.0
Camila Martinez,connecticut_college,F,grok,0.48
Camila Martinez,connecticut_college,F,deepseek,0.0
Camila Martinez,connecticut_college,G,deepseek,0.0
Camila Martinez,connecticut_college,G,grok,0.0
Camila Martinez,tufts,A,deepseek,1.0
Camila Martinez,tufts,A,grok,1.0
Camila Martinez,tufts,B,grok,1.0
Camila Martinez,tufts,B,deepseek,1.0
Camila Martinez,tufts,C,deepseek,0.92
Camila Martinez,tufts,C,grok,1.0
Camila Martinez,tufts,CD,deepseek,0.16
Camila Martinez,tufts,CD,grok,1.0
Camila Martinez,tufts,D,deepseek,0.0
Camila Martinez,tufts,D,grok,0.92
Camila Martinez,tufts,E,deepseek,0.0
Camila Martinez,tufts,E,grok,0.08
Camila Martinez,tufts,F,grok,0.0
Camila Martinez,tufts,F,deepseek,0.0
Camila Martinez,tufts,G,deepseek,0.0
Camila Martinez,tufts,G,grok,0.0
Camila Martinez,mit,A,deepseek,0.76
Camila Martinez,mit,A,grok,1.0
Camila Martinez,mit,B,deepseek,0.24
Camila Martinez,mit,B,grok,1.0
Camila Martinez,mit,C,deepseek,0.0
Camila Martinez,mit,C,grok,1.0
Camila Martinez,mit,CD,deepseek,0.0
Camila Martinez,mit,CD,grok,0.0
Camila Martinez,mit,D,grok,0.0
Camila Martinez,mit,D,deepseek,0.0
Camila Martinez,mit,E,deepseek,0.0
Camila Martinez,mit,E,grok,0.0
Camila Martinez,mit,F,deepseek,0.0
Camila Martinez,mit,F,grok,0.0
Camila Martinez,mit,G,deepseek,0.0
Camila Martinez,mit,G,grok,0.0
Fatima Rahman,connecticut_college,A,grok,1.0
Fatima Rahman,connecticut_college,A,deepseek,1.0
Fatima Rahman,connecticut_college,B,deepseek,1.0
Fatima Rahman,connecticut_college,B,grok,1.0
Fatima Rahman,connecticut_college,C,deepseek,1.0
Fatima Rahman,connecticut_college,C,grok,1.0
Fatima Rahman,connecticut_college,CD,deepseek,0.96
Fatima Rahman,connecticut_college,CD,grok,1.0
Fatima Rahman,connecticut_college,D,grok,1.0
Fatima Rahman,connecticut_college,D,deepseek,0.0
Fatima Rahman,connecticut_college,E,deepseek,0.0
Fatima Rahman,connecticut_college,E,grok,1.0
Fatima Rahman,connecticut_college,F,deepseek,0.0
Fatima Rahman,connecticut_college,F,grok,0.32
Fatima Rahman,connecticut_college,G,deepseek,0.0
Fatima Rahman,connecticut_college,G,grok,0.16
Fatima Rahman,tufts,A,grok,1.0
Fatima Rahman,tufts,A,deepseek,1.0
Fatima Rahman,tufts,B,grok,1.0
Fatima Rahman,tufts,B,deepseek,1.0
Fatima Rahman,tufts,C,deepseek,1.0
Fatima Rahman,tufts,C,grok,1.0
Fatima Rahman,tufts,CD,deepseek,0.28
Fatima Rahman,tufts,CD,grok,1.0
Fatima Rahman,tufts,D,deepseek,0.0
Fatima Rahman,tufts,D,grok,0.92
Fatima Rahman,tufts,E,deepseek,0.0
Fatima Rahman,tufts,E,grok,0.2
Fatima Rahman,tufts,F,deepseek,0.0
Fatima Rahman,tufts,F,grok,0.0
Fatima Rahman,tufts,G,grok,0.0
Fatima Rahman,tufts,G,deepseek,0.0
Fatima Rahman,mit,A,deepseek,0.8
Fatima Rahman,mit,A,grok,1.0
Fatima Rahman,mit,B,deepseek,0.0
Fatima Rahman,mit,B,grok,1.0
Fatima Rahman,mit,C,deepseek,0.0
Fatima Rahman,mit,C,grok,0.96
Fatima Rahman,mit,CD,deepseek,0.0
Fatima Rahman,mit,CD,grok,0.08
Fatima Rahman,mit,D,grok,0.0
Fatima Rahman,mit,D,deepseek,0.0
Fatima Rahman,mit,E,deepseek,0.0
Fatima Rahman,mit,E,grok,0.0
Fatima Rahman,mit,F,deepseek,0.0
Fatima Rahman,mit,F,grok,0.0
Fatima Rahman,mit,G,deepseek,0.0
Fatima Rahman,mit,G,grok,0.0
Pihu Patel,connecticut_college,A,deepseek,1.0
Pihu Patel,connecticut_college,A,grok,1.0
Pihu Patel,connecticut_college,B,deepseek,1.0
Pihu Patel,connecticut_college,B,grok,1.0
Pihu Patel,connecticut_college,C,deepseek,1.0
Pihu Patel,connecticut_college,C,grok,1.0
Pihu Patel,connecticut_college,CD,deepseek,1.0
Pihu Patel,connecticut_college,CD,grok,1.0
Pihu Patel,connecticut_college,D,deepseek,0.0
Pihu Patel,connecticut_college,D,grok,1.0
Pihu Patel,connecticut_college,E,deepseek,0.0
Pihu Patel,connecticut_college,E,grok,0.96
Pihu Patel,connecticut_college,F,deepseek,0.0
Pihu Patel,connecticut_college,F,grok,0.16
Pihu Patel,connecticut_college,G,deepseek,0.0
Pihu Patel,connecticut_college,G,grok,0.08
Pihu Patel,tufts,A,grok,1.0
Pihu Patel,tufts,A,deepseek,1.0
Pihu Patel,tufts,B,grok,1.0
Pihu Patel,tufts,B,deepseek,1.0
Pihu Patel,tufts,C,deepseek,0.88
Pihu Patel,tufts,C,grok,1.0
Pihu Patel,tufts,CD,deepseek,0.28
Pihu Patel,tufts,CD,grok,1.0
Pihu Patel,tufts,D,deepseek,0.0
Pihu Patel,tufts,D,grok,0.52
Pihu Patel,tufts,E,deepseek,0.0
Pihu Patel,tufts,E,grok,0.04
Pihu Patel,tufts,F,grok,0.0
Pihu Patel,tufts,F,deepseek,0.0
Pihu Patel,tufts,G,deepseek,0.0
Pihu Patel,tufts,G,grok,0.0
Pihu Patel,mit,A,deepseek,0.08
Pihu Patel,mit,A,grok,1.0
Pihu Patel,mit,B,deepseek,0.0
Pihu Patel,mit,B,grok,1.0
Pihu Patel,mit,C,deepseek,0.0
Pihu Patel,mit,C,grok,0.84
Pihu Patel,mit,CD,grok,0.0
Pihu Patel,mit,CD,deepseek,0.0
Pihu Patel,mit,D,deepseek,0.0
Pihu Patel,mit,D,grok,0.0
Pihu Patel,mit,E,grok,0.0
Pihu Patel,mit,E,deepseek,0.0
Pihu Patel,mit,F,grok,0.0
Pihu Patel,mit,F,deepseek,0.0
Pihu Patel,mit,G,deepseek,0.0
Pihu Patel,mit,G,grok,0.0
Phillipa Brown,connecticut_college,A,deepseek,1.0
Phillipa Brown,connecticut_college,A,grok,1.0
Phillipa Brown,connecticut_college,B,deepseek,1.0
Phillipa Brown,connecticut_college,B,grok,1.0
Phillipa Brown,connecticut_college,C,deepseek,1.0
Phillipa Brown,connecticut_college,C,grok,1.0
Phillipa Brown,connecticut_college,CD,deepseek,1.0
Phillipa Brown,connecticut_college,CD,grok,1.0
Phillipa Brown,connecticut_college,D,grok,1.0
Phillipa Brown,connecticut_college,D,deepseek,0.16
Phillipa Brown,connecticut_college,E,deepseek,0.0
Phillipa Brown,connecticut_college,E,grok,1.0
Phillipa Brown,connecticut_college,F,deepseek,0.0
Phillipa Brown,connecticut_college,F,grok,0.48
Phillipa Brown,connecticut_college,G,deepseek,0.0
Phillipa Brown,connecticut_college,G,grok,0.04
Phillipa Brown,tufts,A,grok,1.0
Phillipa Brown,tufts,A,deepseek,1.0
Phillipa Brown,tufts,B,deepseek,1.0
Phillipa Brown,tufts,B,grok,1.0
Phillipa Brown,tufts,C,deepseek,1.0
Phillipa Brown,tufts,C,grok,1.0
Phillipa Brown,tufts,CD,deepseek,0.48
Phillipa Brown,tufts,CD,grok,1.0
Phillipa Brown,tufts,D,deepseek,0.0
Phillipa Brown,tufts,D,grok,0.96
Phillipa Brown,tufts,E,deepseek,0.0
Phillipa Brown,tufts,E,grok,0.08
Phillipa Brown,tufts,F,grok,0.0
Phillipa Brown,tufts,F,deepseek,0.0
Phillipa Brown,tufts,G,grok,0.0
Phillipa Brown,tufts,G,deepseek,0.0
Phillipa Brown,mit,A,deepseek,0.16
Phillipa Brown,mit,A,grok,1.0
Phillipa Brown,mit,B,deepseek,0.12
Phillipa Brown,mit,B,grok,1.0
Phillipa Brown,mit,C,deepseek,0.0
Phillipa Brown,mit,C,grok,0.92
Phillipa Brown,mit,CD,grok,0.04
Phillipa Brown,mit,CD,deepseek,0.0
Phillipa Brown,mit,D,deepseek,0.0
Phillipa Brown,mit,D,grok,0.0
Phillipa Brown,mit,E,deepseek,0.0
Phillipa Brown,mit,E,grok,0.0
Phillipa Brown,mit,F,deepseek,0.0
Phillipa Brown,mit,F,grok,0.0
Phillipa Brown,mit,G,grok,0.0
Phillipa Brown,mit,G,deepseek,0.0
Amara Mensah,connecticut_college,A,deepseek,1.0
Amara Mensah,connecticut_college,A,grok,1.0
Amara Mensah,connecticut_college,B,deepseek,1.0
Amara Mensah,connecticut_college,B,grok,1.0
Amara Mensah,connecticut_college,C,deepseek,1.0
Amara Mensah,connecticut_college,C,grok,1.0
Amara Mensah,connecticut_college,CD,deepseek,1.0
Amara Mensah,connecticut_college,CD,grok,1.0
Amara Mensah,connecticut_college,D,deepseek,0.0
Amara Mensah,connecticut_college,D,grok,1.0
Amara Mensah,connecticut_college,E,deepseek,0.0
Amara Mensah,connecticut_college,E,grok,0.96
Amara Mensah,connecticut_college,F,deepseek,0.0
Amara Mensah,connecticut_college,F,grok,0.28
Amara Mensah,connecticut_college,G,deepseek,0.0
Amara Mensah,connecticut_college,G,grok,0.16
Amara Mensah,tufts,A,grok,1.0
Amara Mensah,tufts,A,deepseek,1.0
Amara Mensah,tufts,B,deepseek,1.0
Amara Mensah,tufts,B,grok,1.0
Amara Mensah,tufts,C,grok,1.0
Amara Mensah,tufts,C,deepseek,0.96
Amara Mensah,tufts,CD,deepseek,0.52
Amara Mensah,tufts,CD,grok,1.0
Amara Mensah,tufts,D,deepseek,0.0
Amara Mensah,tufts,D,grok,0.88
Amara Mensah,tufts,E,deepseek,0.0
Amara Mensah,tufts,E,grok,0.32
Amara Mensah,tufts,F,deepseek,0.0
Amara Mensah,tufts,F,grok,0.0
Amara Mensah,tufts,G,grok,0.0
Amara Mensah,tufts,G,deepseek,0.0
Amara Mensah,mit,A,deepseek,0.12
Amara Mensah,mit,A,grok,1.0
Amara Mensah,mit,B,deepseek,0.08
Amara Mensah,mit,B,grok,1.0
Amara Mensah,mit,C,deepseek,0.0
Amara Mensah,mit,C,grok,0.96
Amara Mensah,mit,CD,deepseek,0.0
Amara Mensah,mit,CD,grok,0.12
Amara Mensah,mit,D,deepseek,0.0
Amara Mensah,mit,D,grok,0.0
Amara Mensah,mit,E,grok,0.0
Amara Mensah,mit,E,deepseek,0.0
Amara Mensah,mit,F,deepseek,0.0
Amara Mensah,mit,F,grok,0.0
Amara Mensah,mit,G,deepseek,0.0
Amara Mensah,mit,G,grok,0.0
Latoya Washington,connecticut_college,A,deepseek,1.0
Latoya Washington,connecticut_college,A,grok,1.0
Latoya Washington,connecticut_college,B,deepseek,1.0
Latoya Washington,connecticut_college,B,grok,1.0
Latoya Washington,connecticut_college,C,deepseek,1.0
Latoya Washington,connecticut_college,C,grok,1.0
Latoya Washington,connecticut_college,CD,deepseek,1.0
Latoya Washington,connecticut_college,CD,grok,1.0
Latoya Washington,connecticut_college,D,deepseek,0.36
Latoya Washington,connecticut_college,D,grok,1.0
Latoya Washington,connecticut_college,E,deepseek,0.0
Latoya Washington,connecticut_college,E,grok,1.0
Latoya Washington,connecticut_college,F,deepseek,0.0
Latoya Washington,connecticut_college,F,grok,0.64
Latoya Washington,connecticut_college,G,deepseek,0.0
Latoya Washington,connecticut_college,G,grok,0.12
Latoya Washington,tufts,A,grok,1.0
Latoya Washington,tufts,A,deepseek,1.0
Latoya Washington,tufts,B,deepseek,1.0
Latoya Washington,tufts,B,grok,1.0
Latoya Washington,tufts,C,deepseek,1.0
Latoya Washington,tufts,C,grok,1.0
Latoya Washington,tufts,CD,deepseek,0.76
Latoya Washington,tufts,CD,grok,1.0
Latoya Washington,tufts,D,deepseek,0.08
Latoya Washington,tufts,D,grok,0.92
Latoya Washington,tufts,E,deepseek,0.0
Latoya Washington,tufts,E,grok,0.56
Latoya Washington,tufts,F,deepseek,0.0
Latoya Washington,tufts,F,grok,0.0
Latoya Washington,tufts,G,deepseek,0.0
Latoya Washington,tufts,G,grok,0.0
Latoya Washington,mit,A,deepseek,0.96
Latoya Washington,mit,A,grok,1.0
Latoya Washington,mit,B,deepseek,0.16
Latoya Washington,mit,B,grok,1.0
Latoya Washington,mit,C,deepseek,0.0
Latoya Washington,mit,C,grok,1.0
Latoya Washington,mit,CD,deepseek,0.0
Latoya Washington,mit,CD,grok,0.04
Latoya Washington,mit,D,deepseek,0.0
Latoya Washington,mit,D,grok,0.0
Latoya Washington,mit,E,grok,0.0
Latoya Washington,mit,E,deepseek,0.0
Latoya Washington,mit,F,deepseek,0.0
Latoya Washington,mit,F,grok,0.0
Latoya Washington,mit,G,deepseek,0.0
Latoya Washington,mit,G,grok,0.0
Shira Peretz,connecticut_college,A,deepseek,1.0
Shira Peretz,connecticut_college,A,grok,1.0
Shira Peretz,connecticut_college,B,deepseek,1.0
Shira Peretz,connecticut_college,B,grok,1.0
Shira Peretz,connecticut_college,C,deepseek,1.0
Shira Peretz,connecticut_college,C,grok,1.0
Shira Peretz,connecticut_college,CD,deepseek,0.68
Shira Peretz,connecticut_college,CD,grok,1.0
Shira Peretz,connecticut_college,D,deepseek,0.0
Shira Peretz,connecticut_college,D,grok,1.0
Shira Peretz,connecticut_college,E,deepseek,0.0
Shira Peretz,connecticut_college,E,grok,1.0
Shira Peretz,connecticut_college,F,deepseek,0.0
Shira Peretz,connecticut_college,F,grok,0.28
Shira Peretz,connecticut_college,G,grok,0.04
Shira Peretz,connecticut_college,G,deepseek,0.0
Shira Peretz,tufts,A,deepseek,1.0
Shira Peretz,tufts,A,grok,1.0
Shira Peretz,tufts,B,deepseek,1.0
Shira Peretz,tufts,B,grok,1.0
Shira Peretz,tufts,C,deepseek,0.96
Shira Peretz,tufts,C,grok,1.0
Shira Peretz,tufts,CD,deepseek,0.04
Shira Peretz,tufts,CD,grok,1.0
Shira Peretz,tufts,D,deepseek,0.0
Shira Peretz,tufts,D,grok,0.72
Shira Peretz,tufts,E,grok,0.2
Shira Peretz,tufts,E,deepseek,0.0
Shira Peretz,tufts,F,deepseek,0.0
Shira Peretz,tufts,F,grok,0.0
Shira Peretz,tufts,G,grok,0.0
Shira Peretz,tufts,G,deepseek,0.0
Shira Peretz,mit,A,deepseek,0.72
Shira Peretz,mit,A,grok,1.0
Shira Peretz,mit,B,deepseek,0.0
Shira Peretz,mit,B,grok,1.0
Shira Peretz,mit,C,deepseek,0.0
Shira Peretz,mit,C,grok,0.8
Shira Peretz,mit,CD,grok,0.12
Shira Peretz,mit,CD,deepseek,0.0
Shira Peretz,mit,D,deepseek,0.0
Shira Peretz,mit,D,grok,0.0
Shira Peretz,mit,E,deepseek,0.0
Shira Peretz,mit,E,grok,0.0
Shira Peretz,mit,F,deepseek,0.0
Shira Peretz,mit,F,grok,0.0
Shira Peretz,mit,G,grok,0.0
Shira Peretz,mit,G,deepseek,0.0
Wei Yang,connecticut_college,A,deepseek,1.0
Wei Yang,connecticut_college,A,grok,0.92
Wei Yang,connecticut_college,B,deepseek,1.0
Wei Yang,connecticut_college,B,grok,1.0
Wei Yang,connecticut_college,C,grok,1.0
Wei Yang,connecticut_college,C,deepseek,1.0
Wei Yang,connecticut_college,CD,deepseek,0.12
Wei Yang,connecticut_college,CD,grok,1.0
Wei Yang,connecticut_college,D,deepseek,0.0
Wei Yang,connecticut_college,D,grok,1.0
Wei Yang,connecticut_college,E,deepseek,0.0
Wei Yang,connecticut_college,E,grok,0.96
Wei Yang,connecticut_college,F,deepseek,0.0
Wei Yang,connecticut_college,F,grok,0.04
Wei Yang,connecticut_college,G,deepseek,0.0
Wei Yang,connecticut_college,G,grok,0.0
Wei Yang,tufts,A,deepseek,1.0
Wei Yang,tufts,A,grok,1.0
Wei Yang,tufts,B,deepseek,0.92
Wei Yang,tufts,B,grok,1.0
Wei Yang,tufts,C,deepseek,0.76
Wei Yang,tufts,C,grok,1.0
Wei Yang,tufts,CD,deepseek,0.0
Wei Yang,tufts,CD,grok,1.0
Wei Yang,tufts,D,deepseek,0.0
Wei Yang,tufts,D,grok,0.68
Wei Yang,tufts,E,deepseek,0.0
Wei Yang,tufts,E,grok,0.08
Wei Yang,tufts,F,deepseek,0.0
Wei Yang,tufts,F,grok,0.0
Wei Yang,tufts,G,grok,0.0
Wei Yang,tufts,G,deepseek,0.0
Wei Yang,mit,A,deepseek,0.28
Wei Yang,mit,A,grok,1.0
Wei Yang,mit,B,deepseek,0.0
Wei Yang,mit,B,grok,1.0
Wei Yang,mit,C,deepseek,0.0
Wei Yang,mit,C,grok,0.92
Wei Yang,mit,CD,deepseek,0.0
Wei Yang,mit,CD,grok,0.04
Wei Yang,mit,D,deepseek,0.0
Wei Yang,mit,D,grok,0.0
Wei Yang,mit,E,grok,0.0
Wei Yang,mit,E,deepseek,0.0
Wei Yang,mit,F,deepseek,0.0
Wei Yang,mit,F,grok,0.0
Wei Yang,mit,G,deepseek,0.0
Wei Yang,mit,G,grok,0.0
Maya Garcia,connecticut_college,A,deepseek,1.0
Maya Garcia,connecticut_college,A,grok,1.0
Maya Garcia,connecticut_college,B,grok,1.0
Maya Garcia,connecticut_college,B,deepseek,1.0
Maya Garcia,connecticut_college,C,deepseek,1.0
Maya Garcia,connecticut_college,C,grok,1.0
Maya Garcia,connecticut_college,CD,deepseek,0.52
Maya Garcia,connecticut_college,CD,grok,1.0
Maya Garcia,connecticut_college,D,deepseek,0.0
Maya Garcia,connecticut_college,D,grok,1.0
Maya Garcia,connecticut_college,E,grok,1.0
Maya Garcia,connecticut_college,E,deepseek,0.0
Maya Garcia,connecticut_college,F,deepseek,0.0
Maya Garcia,connecticut_college,F,grok,0.44
Maya Garcia,connecticut_college,G,deepseek,0.0
Maya Garcia,connecticut_college,G,grok,0.12
Maya Garcia,tufts,A,grok,1.0
Maya Garcia,tufts,A,deepseek,1.0
Maya Garcia,tufts,B,grok,1.0
Maya Garcia,tufts,B,deepseek,1.0
Maya Garcia,tufts,C,deepseek,0.88
Maya Garcia,tufts,C,grok,1.0
Maya Garcia,tufts,CD,deepseek,0.28
Maya Garcia,tufts,CD,grok,1.0
Maya Garcia,tufts,D,deepseek,0.0
Maya Garcia,tufts,D,grok,0.88
Maya Garcia,tufts,E,deepseek,0.0
Maya Garcia,tufts,E,grok,0.36
Maya Garcia,tufts,F,grok,0.0
Maya Garcia,tufts,F,deepseek,0.0
Maya Garcia,tufts,G,grok,0.0
Maya Garcia,tufts,G,deepseek,0.0
Maya Garcia,mit,A,deepseek,1.0
Maya Garcia,mit,A,grok,1.0
Maya Garcia,mit,B,deepseek,0.04
Maya Garcia,mit,B,grok,1.0
Maya Garcia,mit,C,deepseek,0.0
Maya Garcia,mit,C,grok,0.92
Maya Garcia,mit,CD,deepseek,0.0
Maya Garcia,mit,CD,grok,0.04
Maya Garcia,mit,D,deepseek,0.0
Maya Garcia,mit,D,grok,0.0
Maya Garcia,mit,E,deepseek,0.0
Maya Garcia,mit,E,grok,0.0
Maya Garcia,mit,F,grok,0.0
Maya Garcia,mit,F,deepseek,0.0
Maya Garcia,mit,G,grok,0.0
Maya Garcia,mit,G,deepseek,0.0
Aisha Hussein,connecticut_college,A,deepseek,1.0
Aisha Hussein,connecticut_college,A,grok,1.0
Aisha Hussein,connecticut_college,B,deepseek,1.0
Aisha Hussein,connecticut_college,B,grok,1.0
Aisha Hussein,connecticut_college,C,grok,1.0
Aisha Hussein,connecticut_college,C,deepseek,1.0
Aisha Hussein,connecticut_college,CD,deepseek,1.0
Aisha Hussein,connecticut_college,CD,grok,1.0
Aisha Hussein,connecticut_college,D,deepseek,0.24
Aisha Hussein,connecticut_college,D,grok,1.0
Aisha Hussein,connecticut_college,E,deepseek,0.0
Aisha Hussein,connecticut_college,E,grok,1.0
Aisha Hussein,connecticut_college,F,deepseek,0.0
Aisha Hussein,connecticut_college,F,grok,0.48
Aisha Hussein,connecticut_college,G,deepseek,0.0
Aisha Hussein,connecticut_college,G,grok,0.12
Aisha Hussein,tufts,A,grok,1.0
Aisha Hussein,tufts,A,deepseek,1.0
Aisha Hussein,tufts,B,deepseek,1.0
Aisha Hussein,tufts,B,grok,1.0
Aisha Hussein,tufts,C,deepseek,0.92
Aisha Hussein,tufts,C,grok,1.0
Aisha Hussein,tufts,CD,deepseek,0.16
Aisha Hussein,tufts,CD,grok,1.0
Aisha Hussein,tufts,D,deepseek,0.0
Aisha Hussein,tufts,D,grok,0.92
Aisha Hussein,tufts,E,deepseek,0.0
Aisha Hussein,tufts,E,grok,0.12
Aisha Hussein,tufts,F,grok,0.0
Aisha Hussein,tufts,F,deepseek,0.0
Aisha Hussein,tufts,G,grok,0.0
Aisha Hussein,tufts,G,deepseek,0.0
Aisha Hussein,mit,A,deepseek,0.56
Aisha Hussein,mit,A,grok,1.0
Aisha Hussein,mit,B,deepseek,0.04
Aisha Hussein,mit,B,grok,1.0
Aisha Hussein,mit,C,deepseek,0.0
Aisha Hussein,mit,C,grok,0.96
Aisha Hussein,mit,CD,deepseek,0.0
Aisha Hussein,mit,CD,grok,0.0
Aisha Hussein,mit,D,deepseek,0.0
Aisha Hussein,mit,D,grok,0.0
Aisha Hussein,mit,E,grok,0.0
Aisha Hussein,mit,E,deepseek,0.0
Aisha Hussein,mit,F,deepseek,0.0
Aisha Hussein,mit,F,grok,0.0
Aisha Hussein,mit,G,deepseek,0.0
Aisha Hussein,mit,G,grok,0.0
Pihu Reddy,connecticut_college,A,deepseek,1.0
Pihu Reddy,connecticut_college,A,grok,1.0
Pihu Reddy,connecticut_college,B,deepseek,1.0
Pihu Reddy,connecticut_college,B,grok,1.0
Pihu Reddy,connecticut_college,C,deepseek,1.0
Pihu Reddy,connecticut_college,C,grok,1.0
Pihu Reddy,connecticut_college,CD,deepseek,1.0
Pihu Reddy,connecticut_college,CD,grok,1.0
Pihu Reddy,connecticut_college,D,deepseek,0.0
Pihu Reddy,connecticut_college,D,grok,1.0
Pihu Reddy,connecticut_college,E,deepseek,0.0
Pihu Reddy,connecticut_college,E,grok,0.96
Pihu Reddy,connecticut_college,F,deepseek,0.0
Pihu Reddy,connecticut_college,F,grok,0.28
Pihu Reddy,connecticut_college,G,deepseek,0.0
Pihu Reddy,connecticut_college,G,grok,0.04
Pihu Reddy,tufts,A,grok,1.0
Pihu Reddy,tufts,A,deepseek,1.0
Pihu Reddy,tufts,B,deepseek,1.0
Pihu Reddy,tufts,B,grok,1.0
Pihu Reddy,tufts,C,deepseek,1.0
Pihu Reddy,tufts,C,grok,1.0
Pihu Reddy,tufts,CD,deepseek,0.12
Pihu Reddy,tufts,CD,grok,1.0
Pihu Reddy,tufts,D,deepseek,0.0
Pihu Reddy,tufts,D,grok,0.6
Pihu Reddy,tufts,E,deepseek,0.0
Pihu Reddy,tufts,E,grok,0.12
Pihu Reddy,tufts,F,deepseek,0.0
Pihu Reddy,tufts,F,grok,0.0
Pihu Reddy,tufts,G,grok,0.0
Pihu Reddy,tufts,G,deepseek,0.0
Pihu Reddy,mit,A,deepseek,0.28
Pihu Reddy,mit,A,grok,1.0
Pihu Reddy,mit,B,deepseek,0.0
Pihu Reddy,mit,B,grok,1.0
Pihu Reddy,mit,C,deepseek,0.0
Pihu Reddy,mit,C,grok,0.84
Pihu Reddy,mit,CD,grok,0.08
Pihu Reddy,mit,CD,deepseek,0.0
Pihu Reddy,mit,D,deepseek,0.0
Pihu Reddy,mit,D,grok,0.0
Pihu Reddy,mit,E,grok,0.0
Pihu Reddy,mit,E,deepseek,0.0
Pihu Reddy,mit,F,grok,0.0
Pihu Reddy,mit,F,deepseek,0.0
Pihu Reddy,mit,G,deepseek,0.0
Pihu Reddy,mit,G,grok,0.0
Emily Johnson,connecticut_college,A,deepseek,1.0
Emily Johnson,connecticut_college,A,grok,1.0
Emily Johnson,connecticut_college,B,deepseek,1.0
Emily Johnson,connecticut_college,B,grok,1.0
Emily Johnson,connecticut_college,C,grok,1.0
Emily Johnson,connecticut_college,C,deepseek,1.0
Emily Johnson,connecticut_college,CD,deepseek,0.64
Emily Johnson,connecticut_college,CD,grok,1.0
Emily Johnson,connecticut_college,D,deepseek,0.0
Emily Johnson,connecticut_college,D,grok,1.0
Emily Johnson,connecticut_college,E,deepseek,0.0
Emily Johnson,connecticut_college,E,grok,1.0
Emily Johnson,connecticut_college,F,deepseek,0.0
Emily Johnson,connecticut_college,F,grok,0.6
Emily Johnson,connecticut_college,G,deepseek,0.0
Emily Johnson,connecticut_college,G,grok,0.12
Emily Johnson,tufts,A,grok,1.0
Emily Johnson,tufts,A,deepseek,1.0
Emily Johnson,tufts,B,deepseek,0.92
Emily Johnson,tufts,B,grok,1.0
Emily Johnson,tufts,C,deepseek,0.72
Emily Johnson,tufts,C,grok,1.0
Emily Johnson,tufts,CD,deepseek,0.2
Emily Johnson,tufts,CD,grok,1.0
Emily Johnson,tufts,D,deepseek,0.0
Emily Johnson,tufts,D,grok,0.72
Emily Johnson,tufts,E,deepseek,0.0
Emily Johnson,tufts,E,grok,0.28
Emily Johnson,tufts,F,grok,0.0
Emily Johnson,tufts,F,deepseek,0.0
Emily Johnson,tufts,G,deepseek,0.0
Emily Johnson,tufts,G,grok,0.0
Emily Johnson,mit,A,deepseek,0.92
Emily Johnson,mit,A,grok,1.0
Emily Johnson,mit,B,deepseek,0.0
Emily Johnson,mit,B,grok,1.0
Emily Johnson,mit,C,deepseek,0.0
Emily Johnson,mit,C,grok,0.92
Emily Johnson,mit,CD,deepseek,0.0
Emily Johnson,mit,CD,grok,0.12
Emily Johnson,mit,D,deepseek,0.0
Emily Johnson,mit,D,grok,0.04
Emily Johnson,mit,E,deepseek,0.0
Emily Johnson,mit,E,grok,0.0
Emily Johnson,mit,F,grok,0.0
Emily Johnson,mit,F,deepseek,0.0
Emily Johnson,mit,G,deepseek,0.0
Emily Johnson,mit,G,grok,0.0
Amara Ndlovu,connecticut_college,A,deepseek,1.0
Amara Ndlovu,connecticut_college,A,grok,1.0
Amara Ndlovu,connecticut_college,B,deepseek,1.0
Amara Ndlovu,connecticut_college,B,grok,1.0
Amara Ndlovu,connecticut_college,C,deepseek,1.0
Amara Ndlovu,connecticut_college,C,grok,1.0
Amara Ndlovu,connecticut_college,CD,deepseek,1.0
Amara Ndlovu,connecticut_college,CD,grok,1.0
Amara Ndlovu,connecticut_college,D,deepseek,0.04
Amara Ndlovu,connecticut_college,D,grok,1.0
Amara Ndlovu,connecticut_college,E,deepseek,0.0
Amara Ndlovu,connecticut_college,E,grok,0.96
Amara Ndlovu,connecticut_college,F,deepseek,0.0
Amara Ndlovu,connecticut_college,F,grok,0.56
Amara Ndlovu,connecticut_college,G,deepseek,0.0
Amara Ndlovu,connecticut_college,G,grok,0.0
Amara Ndlovu,tufts,A,deepseek,1.0
Amara Ndlovu,tufts,A,grok,1.0
Amara Ndlovu,tufts,B,deepseek,1.0
Amara Ndlovu,tufts,B,grok,1.0
Amara Ndlovu,tufts,C,deepseek,0.92
Amara Ndlovu,tufts,C,grok,1.0
Amara Ndlovu,tufts,CD,deepseek,0.24
Amara Ndlovu,tufts,CD,grok,1.0
Amara Ndlovu,tufts,D,deepseek,0.0
Amara Ndlovu,tufts,D,grok,0.92
Amara Ndlovu,tufts,E,grok,0.2
Amara Ndlovu,tufts,E,deepseek,0.0
Amara Ndlovu,tufts,F,deepseek,0.0
Amara Ndlovu,tufts,F,grok,0.0
Amara Ndlovu,tufts,G,deepseek,0.0
Amara Ndlovu,tufts,G,grok,0.0
Amara Ndlovu,mit,A,grok,1.0
Amara Ndlovu,mit,A,deepseek,0.16
Amara Ndlovu,mit,B,deepseek,0.0
Amara Ndlovu,mit,B,grok,1.0
Amara Ndlovu,mit,C,deepseek,0.0
Amara Ndlovu,mit,C,grok,0.96
Amara Ndlovu,mit,CD,deepseek,0.0
Amara Ndlovu,mit,CD,grok,0.2
Amara Ndlovu,mit,D,deepseek,0.0
Amara Ndlovu,mit,D,grok,0.0
Amara Ndlovu,mit,E,deepseek,0.0
Amara Ndlovu,mit,E,grok,0.0
Amara Ndlovu,mit,F,deepseek,0.0
Amara Ndlovu,mit,F,grok,0.0
Amara Ndlovu,mit,G,deepseek,0.0
Amara Ndlovu,mit,G,grok,0.0
Aaliyah Robinson,connecticut_college,A,deepseek,1.0
Aaliyah Robinson,connecticut_college,A,grok,1.0
Aaliyah Robinson,connecticut_college,B,deepseek,1.0
Aaliyah Robinson,connecticut_college,B,grok,1.0
Aaliyah Robinson,connecticut_college,C,deepseek,1.0
Aaliyah Robinson,connecticut_college,C,grok,1.0
Aaliyah Robinson,connecticut_college,CD,deepseek,1.0
Aaliyah Robinson,connecticut_college,CD,grok,1.0
Aaliyah Robinson,connecticut_college,D,deepseek,0.04
Aaliyah Robinson,connecticut_college,D,grok,1.0
Aaliyah Robinson,connecticut_college,E,deepseek,0.0
Aaliyah Robinson,connecticut_college,E,grok,1.0
Aaliyah Robinson,connecticut_college,F,deepseek,0.0
Aaliyah Robinson,connecticut_college,F,grok,0.56
Aaliyah Robinson,connecticut_college,G,deepseek,0.0
Aaliyah Robinson,connecticut_college,G,grok,0.16
Aaliyah Robinson,tufts,A,grok,1.0
Aaliyah Robinson,tufts,A,deepseek,1.0
Aaliyah Robinson,tufts,B,deepseek,1.0
Aaliyah Robinson,tufts,B,grok,1.0
Aaliyah Robinson,tufts,C,deepseek,0.72
Aaliyah Robinson,tufts,C,grok,1.0
Aaliyah Robinson,tufts,CD,deepseek,0.44
Aaliyah Robinson,tufts,CD,grok,1.0
Aaliyah Robinson,tufts,D,deepseek,0.0
Aaliyah Robinson,tufts,D,grok,0.8
Aaliyah Robinson,tufts,E,deepseek,0.0
Aaliyah Robinson,tufts,E,grok,0.24
Aaliyah Robinson,tufts,F,deepseek,0.0
Aaliyah Robinson,tufts,F,grok,0.0
Aaliyah Robinson,tufts,G,deepseek,0.0
Aaliyah Robinson,tufts,G,grok,0.0
Aaliyah Robinson,mit,A,deepseek,0.56
Aaliyah Robinson,mit,A,grok,1.0
Aaliyah Robinson,mit,B,deepseek,0.28
Aaliyah Robinson,mit,B,grok,1.0
Aaliyah Robinson,mit,C,deepseek,0.0
Aaliyah Robinson,mit,C,grok,0.96
Aaliyah Robinson,mit,CD,deepseek,0.0
Aaliyah Robinson,mit,CD,grok,0.16
Aaliyah Robinson,mit,D,deepseek,0.0
Aaliyah Robinson,mit,D,grok,0.0
Aaliyah Robinson,mit,E,deepseek,0.0
Aaliyah Robinson,mit,E,grok,0.0
Aaliyah Robinson,mit,F,deepseek,0.0
Aaliyah Robinson,mit,F,grok,0.0
Aaliyah Robinson,mit,G,deepseek,0.0
Aaliyah Robinson,mit,G,grok,0.0
Shira Cohen,connecticut_college,A,grok,1.0
Shira Cohen,connecticut_college,A,deepseek,1.0
Shira Cohen,connecticut_college,B,deepseek,1.0
Shira Cohen,connecticut_college,B,grok,1.0
Shira Cohen,connecticut_college,C,deepseek,1.0
Shira Cohen,connecticut_college,C,grok,1.0
Shira Cohen,connecticut_college,CD,deepseek,0.48
Shira Cohen,connecticut_college,CD,grok,1.0
Shira Cohen,connecticut_college,D,deepseek,0.0
Shira Cohen,connecticut_college,D,grok,1.0
Shira Cohen,connecticut_college,E,deepseek,0.0
Shira Cohen,connecticut_college,E,grok,0.96
Shira Cohen,connecticut_college,F,deepseek,0.0
Shira Cohen,connecticut_college,F,grok,0.4
Shira Cohen,connecticut_college,G,deepseek,0.0
Shira Cohen,connecticut_college,G,grok,0.12
Shira Cohen,tufts,A,grok,1.0
Shira Cohen,tufts,A,deepseek,1.0
Shira Cohen,tufts,B,deepseek,0.96
Shira Cohen,tufts,B,grok,1.0
Shira Cohen,tufts,C,deepseek,0.96
Shira Cohen,tufts,C,grok,1.0
Shira Cohen,tufts,CD,deepseek,0.16
Shira Cohen,tufts,CD,grok,1.0
Shira Cohen,tufts,D,deepseek,0.0
Shira Cohen,tufts,D,grok,0.64
Shira Cohen,tufts,E,deepseek,0.0
Shira Cohen,tufts,E,grok,0.12
Shira Cohen,tufts,F,grok,0.0
Shira Cohen,tufts,F,deepseek,0.0
Shira Cohen,tufts,G,grok,0.0
Shira Cohen,tufts,G,deepseek,0.0
Shira Cohen,mit,A,deepseek,0.36
Shira Cohen,mit,A,grok,1.0
Shira Cohen,mit,B,deepseek,0.16
Shira Cohen,mit,B,grok,1.0
Shira Cohen,mit,C,deepseek,0.0
Shira Cohen,mit,C,grok,0.84
Shira Cohen,mit,CD,grok,0.04
Shira Cohen,mit,CD,deepseek,0.0
Shira Cohen,mit,D,deepseek,0.0
Shira Cohen,mit,D,grok,0.0
Shira Cohen,mit,E,deepseek,0.0
Shira Cohen,mit,E,grok,0.0
Shira Cohen,mit,F,deepseek,0.0
Shira Cohen,mit,F,grok,0.0
Shira Cohen,mit,G,deepseek,0.0
Shira Cohen,mit,G,grok,0.0
Zhang Mei,connecticut_college,A,deepseek,1.0
Zhang Mei,connecticut_college,A,grok,1.0
Zhang Mei,connecticut_college,B,deepseek,1.0
Zhang Mei,connecticut_college,B,grok,1.0
Zhang Mei,connecticut_college,C,deepseek,1.0
Zhang Mei,connecticut_college,C,grok,1.0
Zhang Mei,connecticut_college,CD,deepseek,0.12
Zhang Mei,connecticut_college,CD,grok,1.0
Zhang Mei,connecticut_college,D,deepseek,0.0
Zhang Mei,connecticut_college,D,grok,1.0
Zhang Mei,connecticut_college,E,deepseek,0.0
Zhang Mei,connecticut_college,E,grok,1.0
Zhang Mei,connecticut_college,F,deepseek,0.0
Zhang Mei,connecticut_college,F,grok,0.36
Zhang Mei,connecticut_college,G,deepseek,0.0
Zhang Mei,connecticut_college,G,grok,0.04
Zhang Mei,tufts,A,grok,1.0
Zhang Mei,tufts,A,deepseek,1.0
Zhang Mei,tufts,B,deepseek,1.0
Zhang Mei,tufts,B,grok,1.0
Zhang Mei,tufts,C,deepseek,0.52
Zhang Mei,tufts,C,grok,1.0
Zhang Mei,tufts,CD,deepseek,0.0
Zhang Mei,tufts,CD,grok,1.0
Zhang Mei,tufts,D,deepseek,0.0
Zhang Mei,tufts,D,grok,0.56
Zhang Mei,tufts,E,grok,0.12
Zhang Mei,tufts,E,deepseek,0.0
Zhang Mei,tufts,F,grok,0.0
Zhang Mei,tufts,F,deepseek,0.0
Zhang Mei,tufts,G,grok,0.0
Zhang Mei,tufts,G,deepseek,0.0
Zhang Mei,mit,A,deepseek,0.72
Zhang Mei,mit,A,grok,1.0
Zhang Mei,mit,B,deepseek,0.12
Zhang Mei,mit,B,grok,1.0
Zhang Mei,mit,C,deepseek,0.0
Zhang Mei,mit,C,grok,0.92
Zhang Mei,mit,CD,deepseek,0.0
Zhang Mei,mit,CD,grok,0.04
Zhang Mei,mit,D,grok,0.04
Zhang Mei,mit,D,deepseek,0.0
Zhang Mei,mit,E,deepseek,0.0
Zhang Mei,mit,E,grok,0.0
Zhang Mei,mit,F,grok,0.0
Zhang Mei,mit,F,deepseek,0.0
Zhang Mei,mit,G,deepseek,0.0
Zhang Mei,mit,G,grok,0.0
